"stock_code","total_qty","total_rev","cluster"
"10002",823,699.55,2
"10080",291,114.41,2
"10120",193,40.53,2
"10123C",5,3.25,2
"10124A",16,6.72,2
"10124G",17,7.14,2
"10125",1226,930.3,2
"10133",2384,1143.61,2
"10135",1938,1786.69,2
"11001",1252,1953,2
"15030",143,41.47,2
"15034",6419,697.06,2
"15036",21876,16044.4399999999,3
"15039",1559,1133.15,2
"15044A",428,1248.28,2
"15044B",307,865.65,2
"15044C",272,782.4,2
"15044D",630,1735.74,2
"15056BL",2779,15218.67,3
"15056N",3826,20696.71,3
"15056P",769,4254.15999999999,2
"15058A",148,1104.6,2
"15058B",115,866.25,2
"15058C",193,894.35,2
"15060B",411,1482.87,2
"16008",2892,360.71,2
"16010",30,3.6,2
"16011",1773,372.33,2
"16012",1244,261.24,2
"16014",13328,4335.76,3
"16015",662,289.98,2
"16016",1273,1053.45,2
"16020C",6,5.1,2
"16033",840,100.8,2
"16043",98,11.76,2
"16045",8900,380,2
"16046",67,56.95,2
"16048",1437,186.84,2
"16049",504,82.08,2
"16052",467,105.29,2
"16054",1166,140.52,2
"16151A",49,61.25,2
"16156L",475,199.5,2
"16156S",5800,2331,2
"16161G",700,70,2
"16161M",25,10.5,2
"16161P",7226,2990.92,2
"16161U",4075,1687.5,2
"16162L",17,11.05,2
"16162M",26,10.92,2
"16168M",329,138.18,2
"16169E",4563,1892.46,2
"16169K",200,84,2
"16169M",660,277.2,2
"16169N",25,10.5,2
"16169P",50,21,2
"16202A",7,3.5,2
"16202B",29,14.5,2
"16202E",15,7.5,2
"16206B",7,8.75,2
"16207A",13,38.35,2
"16207B",4,11.31,2
"16216",3316,227.14,2
"16218",3760,253.2,2
"16219",2915,309.9,2
"16225",762,599.34,2
"16235",2665,525.75,2
"16236",1296,266.56,2
"16237",4598,886.079999999999,2
"16238",1261,265.51,2
"16244B",7,7.85,2
"16248B",13,16.25,2
"16254",31,27.91,2
"16258A",445,156.53,2
"16259",3380,326.56,2
"17001",72,20.88,2
"17003",22963,5980.05,3
"17007B",24,50.4,2
"17011F",80,62.15,2
"17012A",270,244.9,2
"17012B",455,422.55,2
"17012C",363,344.35,2
"17012D",387,366.35,2
"17012E",59,52.05,2
"17012F",365,329.05,2
"17013D",532,257.88,2
"17014A",154,67.83,2
"17021",2427,643.14,2
"17028J",6,2.52,2
"17038",1501,138.1,2
"17084A",200,42,2
"17084J",225,47.25,2
"17084N",1025,212.75,2
"17084P",349,73.29,2
"17084R",4032,760.32,2
"17090A",109,107.45,2
"17090D",29,36.25,2
"17091A",172,99.29,2
"17091J",2066,876.339999999999,2
"17096",2516,443.76,2
"17107D",171,436.05,2
"17109D",61,32.35,2
"17129F",427,291.25,2
"17136A",404,33.75,2
"17164B",29,12.18,2
"17165D",27,28.35,2
"17174",9,3.78,2
"17191A",4,15,2
"18007",5856,383.76,2
"18094C",134,153.1,2
"18097A",5,12.75,2
"18097C",673,1471.35,2
"18098C",193,540.55,2
"20615",231,233.34,2
"20616",134,122.78,2
"20617",66,137.74,2
"20618",68,137.88,2
"20619",142,206.23,2
"20622",163,240.18,2
"20652",150,194.76,2
"20653",33,43.67,2
"20654",105,126.69,2
"20655",89,109.11,2
"20657",61,76.39,2
"20658",328,410,2
"20659",95,140.81,2
"20661",9,35.07,2
"20662",11,40.97,2
"20663",3,11.69,2
"20664",6,17.7,2
"20665",340,998.200000000001,2
"20666",4,11.8,2
"20667",1,2.95,2
"20668",12714,1408.56,3
"20669",195,243.75,2
"20670",8,29.28,2
"20671",10,12.5,2
"20674",1373,1649.06,2
"20675",2729,3179.9,2
"20676",4363,5046.98,2
"20677",3159,3642.58,2
"20678",4,6.6,2
"20679",1630,9055.87,2
"20681",125,406.25,2
"20682",1140,3629.66,2
"20684",78,253.5,2
"20685",3901,25397.85,3
"20686",255,832.13,2
"20694",36,135,2
"20695",5,21.25,2
"20696",32,120,2
"20697",19,48.45,2
"20698",16,40.8,2
"20699",29,73.95,2
"20700",10,37.5,2
"20701",6,22.5,2
"20702",128,544,2
"20703",1,4.25,2
"20704",211,626.45,2
"20705",143,428.85,2
"20707",155,195.52,2
"20711",4198,7689.28000000001,2
"20712",8187,15511.5999999999,3
"20713",10466,19076.92,3
"20716",314,373.5,2
"20717",2036,2455.88,2
"20718",4264,5115.31,2
"20719",9237,7277.24000000001,3
"20723",6847,5520.95,3
"20724",12809,10125.85,3
"20725",17897,28338.45,3
"20726",9115,14537.11,3
"20727",11291,18024.55,3
"20728",10820,17265.68,3
"20731",74,92.5,2
"20733",918,688.9,2
"20735",158,121.3,2
"20748",53,675.75,2
"20749",1719,12123.41,2
"20750",1712,12216.8,2
"20751",973,1984.26,2
"20752",367,770.700000000002,2
"20754",1356,2670.47999999999,2
"20755",292,248.2,2
"20756",63,53.55,2
"20757",164,140.18,2
"20758",161,136.85,2
"20759",64,54.4,2
"20760",69,58.65,2
"20761",110,419.92,2
"20762",101,382.46,2
"20763",71,189.96,2
"20764",128,491.13,2
"20765",96,374.84,2
"20766",113,422.08,2
"20767",217,541.97,2
"20768",131,320.26,2
"20769",66,173.12,2
"20770",108,259.2,2
"20771",71,183.46,2
"20772",218,534.46,2
"20773",56,92.4,2
"20774",52,85.8,2
"20775",64,105.6,2
"20777",95,156.75,2
"20778",15,24.75,2
"20780",37,198.35,2
"20781",32,161.52,2
"20782",40,221.36,2
"20785",14,523.3,2
"20793",8,54,2
"20794",85,213.15,2
"20795",44,92.4,2
"20796",61,100.65,2
"20798",36,75.6,2
"20801",848,708.16,2
"20802",648,730.44,2
"20803",917,386.25,2
"20816",8,15.6,2
"20818",12,20,2
"20819",48,183.71,2
"20820",5,24.75,2
"20821",16,79.2,2
"20823",164,129.56,2
"20826",276,128.4,2
"20827",88,34.32,2
"20828",1012,2494.2,2
"20829",1265,2530.49,2
"20830",75,157.5,2
"20831",169,272.34,2
"20832",1034,527.04,2
"20835",66,54.78,2
"20836",170,141.1,2
"20837",141,142.47,2
"20838",330,282.94,2
"20839",452,411.84,2
"20840",464,399.28,2
"20845",19,120.65,2
"20846",647,785.47,2
"20847",46,172.5,2
"20848",21,61.95,2
"20851",9,53.55,2
"20854",166,256.1,2
"20856",140,231,2
"20857",32,52.8,2
"20861",2,4.2,2
"20866",409,488.59,2
"20867",187,231.47,2
"20868",381,159.26,2
"20869",139,54.21,2
"20878",25,31.25,2
"20886",453,853.35,2
"20892",1,12.75,2
"20893",259,569.1,2
"20894",25,73.75,2
"20897",85,230.35,2
"20898",25,73.75,2
"20901",4,25.4,2
"20902",33,190.35,2
"20903",20,127,2
"20906",3,8.85,2
"20910",8,50.8,2
"20914",6170,17303.9800000001,3
"20931",263,794.45,2
"20932",189,516.25,2
"20933",23,71.05,2
"20934",54,294.3,2
"20935",6,17.7,2
"20936",92,272.98,2
"20941",61,76.25,2
"20956",730,916.13,2
"20961",1029,1305.61,2
"20963",1102,1400.49,2
"20964",2,5.1,2
"20966",589,698.25,2
"20967",257,963.75,2
"20969",1876,6734.31,2
"20970",1081,3983.63,2
"20971",10225,11629.39,3
"20972",7131,8648.49,3
"20973",4007,2551.15,2
"20974",6734,4235.09999999999,2
"20975",6400,4101.19999999999,2
"20977",1597,1971.93,2
"20978",1631,2014.43,2
"20979",3523,4233.51,2
"20980",27,33.75,2
"20981",1851,1573.35,2
"20982",2019,1709.91,2
"20983",2652,2247.96,2
"20984",3809,1169.01,2
"20985",1017,1160.88,2
"20986",462,546.76,2
"20992",4365,1867.05,2
"20996",3057,648.689999999999,2
"20997",15,74.25,2
"20998",119,348.25,2
"21000",46,195.5,2
"21001",25,148.75,2
"21002",13,55.25,2
"21003",13,82.55,2
"21011",18,26.1,2
"21012",567,1133.3,2
"21014",1233,455.57,2
"21015",1251,377.91,2
"21018",22,18.7,2
"21025",100,127.25,2
"21026",143,177.37,2
"21027",101,122.45,2
"21028",116,148.29,2
"21030",121,153.67,2
"21031",40,51.21,2
"21032",65,84.88,2
"21033",922,1934.75,2
"21034",1893,1798.35000000002,2
"21035",2319,6820.01,2
"21038",77,86.75,2
"21039",510,1284.66,2
"21040",22,29.7,2
"21041",576,1699.2,2
"21042",303,1802.85,2
"21043",443,931.85,2
"21051",108,228.83,2
"21054",68,608.6,2
"21055",146,1368.14,2
"21056",174,1640.18,2
"21058",1049,855.770000000001,2
"21059",573,487.05,2
"21060",356,302.6,2
"21061",412,350.2,2
"21062",501,425.85,2
"21063",483,412.11,2
"21064",176,760.500000000001,2
"21065",487,839.05,2
"21066",688,657.62,2
"21067",203,249.38,2
"21068",1535,1637.71,2
"21069",1868,2049.05,2
"21070",1033,1059.79,2
"21071",849,1025.98,2
"21078",2494,1982.08,2
"21080",12313,9656.79000000001,3
"21084",2199,463.85,2
"21086",6589,4009.49000000001,2
"21087",126,62.12,2
"21088",1576,345.42,2
"21089",231,45.73,2
"21090",1672,708.299999999999,2
"21094",7351,5496.52999999999,3
"21095",95,80.75,2
"21096",1143,479.25,2
"21098",3176,3680.05,2
"21100",43,70.95,2
"21106",193,530.95,2
"21107",840,2218.8,2
"21108",10082,17304.57,3
"21109",837,2131.35,2
"21110",775,2295.05,2
"21111",789,1291.55,2
"21112",1245,2551.83,2
"21114",1352,1705.28,2
"21115",523,2580.21,2
"21116",489,2339.19,2
"21117",115,149.25,2
"21121",6502,7799.18,3
"21122",5257,6353.58,2
"21123",975,1215.81,2
"21124",3970,4798.34,2
"21125",598,747.5,2
"21126",488,605.44,2
"21128",47,284.16,2
"21129",45,332.3,2
"21131",93,290.25,2
"21132",35,142.75,2
"21135",2708,2975.24,2
"21136",4476,7491.40000000005,2
"21137",11406,39064.5500000001,3
"21143",296,577.2,2
"21145",122,152.5,2
"21147",89,200.94,2
"21154",3187,3751.63,2
"21155",2460,5880.05000000003,2
"21156",3039,5587.87,2
"21157",49,102.9,2
"21158",1427,686.909999999999,2
"21159",1109,542.749999999999,2
"21161",131,189.95,2
"21162",1416,696.399999999999,2
"21163",1176,603.86,2
"21164",1714,4850.61999999999,2
"21165",4027,6405.31,2
"21166",10209,20315.3299999999,3
"21167",1260,264.6,2
"21169",4281,6762.56999999999,2
"21171",424,566.8,2
"21172",3335,4708.27,2
"21174",3926,8372.69999999999,2
"21175",11993,26107.4399999998,3
"21179",1785,1021.23,2
"21181",11963,23930.9200000001,3
"21187",330,525.3,2
"21188",294,838.5,2
"21189",165,272.25,2
"21190",168,245.2,2
"21191",394,788.04,2
"21192",925,1391.85,2
"21194",437,366.7,2
"21195",417,607.86,2
"21196",89,146.85,2
"21197",243,322.71,2
"21198",964,931.56,2
"21199",864,766.56,2
"21200",1010,1272.9,2
"21201",1175,2672.25,2
"21202",449,404.85,2
"21204",419,691.35,2
"21205",209,532.95,2
"21206",1220,1446.6,2
"21207",982,1533.9,2
"21208",873,531.69,2
"21209",1142,669.12,2
"21210",5680,7947.36999999996,3
"21211",816,1144.8,2
"21212",33693,16394.5300000001,3
"21213",14309,6859.30999999999,3
"21215",868,461.8,2
"21216",1841,8354.87,2
"21217",975,9188.24999999998,2
"21218",2058,7071.2,2
"21219",323,408.59,2
"21220",239,312.06,2
"21221",201,262.14,2
"21222",198,257.18,2
"21224",734,913.7,2
"21226",9,11.25,2
"21228",5,6.25,2
"21231",5757,6875.86,3
"21232",10366,12210.06,3
"21238",3519,2822.41,2
"21239",2574,2051.4,2
"21240",3156,2487.08,2
"21242",3074,4860.98,2
"21243",2113,3329.05,2
"21244",2131,3359.47,2
"21245",1014,1623.1,2
"21246",175,849.45,2
"21248",187,271.15,2
"21249",672,1874.4,2
"21250",92,257,2
"21251",165,486.75,2
"21253",66,192.54,2
"21257",489,3735.39,2
"21258",425,5014.23,2
"21259",1128,6432.10999999998,2
"21260",1129,3530.35,2
"21261",167,520.65,2
"21262",268,790.6,2
"21263",165,321.75,2
"21264",256,499.2,2
"21265",128,249.6,2
"21268",2,0.84,2
"21269",28,238,2
"21270",14,178.5,2
"21272",503,660.07,2
"21275",10,169.5,2
"21277",23,485.9,2
"21278",43,109.65,2
"21279",65,165.75,2
"21280",65,165.75,2
"21281",35,89.25,2
"21284",385,313.53,2
"21285",350,357.62,2
"21286",255,279.37,2
"21287",1788,755.129999999999,2
"21288",256,716.8,2
"21289",443,553.75,2
"21291",920,782,2
"21292",865,591.25,2
"21293",101,214.13,2
"21294",1536,722.88,2
"21306",487,166.57,2
"21307",79,39.2,2
"21310",1,29.95,2
"21311",478,165.77,2
"21313",2843,2110.46,2
"21314",3670,7412.56000000002,2
"21316",149,156.59,2
"21317",96,516.2,2
"21318",680,372.3,2
"21319",147,129.51,2
"21320",186,309.66,2
"21324",69,203.55,2
"21326",10088,6083.20000000002,3
"21327",538,887.699999999998,2
"21328",760,1262.2,2
"21329",589,980.049999999998,2
"21331",11,140.25,2
"21332",14,143.3,2
"21333",55,162.25,2
"21336",8,23.6,2
"21340",928,10161.41,2
"21344",14,139.3,2
"21348",139,355.65,2
"21349",12,81,2
"21351",101,654.55,2
"21352",311,1118.65,2
"21354",753,888.45,2
"21355",777,961.65,2
"21356",304,363.15,2
"21357",19,23.75,2
"21358",328,410,2
"21359",127,759.65,2
"21360",37,194.15,2
"21361",91,1127.85,2
"21363",209,1034.55,2
"21364",25,168.75,2
"21365",348,360,2
"21366",24,102,2
"21367",163,159.51,2
"21368",161,129.15,2
"21369",98,142.5,2
"21370",15,88.2,2
"21371",275,274.65,2
"21372",67,75.73,2
"21373",507,380.25,2
"21374",294,400,2
"21375",24,109.8,2
"21376",33,154.65,2
"21377",93,123.21,2
"21378",129,175.05,2
"21379",147,163.11,2
"21380",2093,5910.14999999999,2
"21381",1699,2733.07000000001,2
"21382",1045,1164.35,2
"21383",772,501.8,2
"21385",3564,2957.64,2
"21386",713,257.57,2
"21389",1018,865.3,2
"21390",3781,4544.13,2
"21391",975,855.45,2
"21392",32,38.13,2
"21393",29,38.67,2
"21394",3822,1538.62,2
"21395",2812,1096.68,2
"21397",1016,445.26,2
"21398",1499,642.75,2
"21399",2047,830.82,2
"21400",837,109.74,2
"21401",1010,132.3,2
"21402",1290,155.4,2
"21403",1718,258.72,2
"21407",233,965,2
"21408",225,764.91,2
"21411",722,2391.46,2
"21413",36,45,2
"21414",1,2.1,2
"21415",206,384.13,2
"21416",5,18.75,2
"21417",289,420.88,2
"21418",59,115.25,2
"21420",48,87.12,2
"21421",298,345.14,2
"21422",1560,1218.36,2
"21424",227,612.05,2
"21425",67,188.05,2
"21426",213,411.3,2
"21427",77,161.7,2
"21428",1099,4263.55,2
"21429",1616,2925,2
"21430",2704,9424.32,2
"21439",1322,1574.98,2
"21441",376,223.3,2
"21442",389,232.01,2
"21445",214,267.5,2
"21446",400,500,2
"21447",749,936.25,2
"21448",327,539.55,2
"21452",745,2140.15,2
"21454",318,270.3,2
"21455",271,230.35,2
"21456",161,201.25,2
"21457",115,143.75,2
"21458",158,197.5,2
"21459",75,146.25,2
"21460",26,50.7,2
"21461",9,17.55,2
"21462",192,859.2,2
"21463",644,3405.3,2
"21464",244,1034,2
"21465",193,727.46,2
"21466",267,982.49,2
"21467",215,813.67,2
"21468",123,468.67,2
"21469",250,941.21,2
"21470",338,1278.63,2
"21471",495,1702.65,2
"21472",119,446.25,2
"21473",22,438.9,2
"21476",31,463.45,2
"21479",2702,10227.72,2
"21481",2925,9218.55,2
"21484",1555,5810.37,2
"21485",3335,15871.7300000001,3
"21486",8,30,2
"21488",3,11.85,2
"21494",1228,1624.73,2
"21495",5800,2356,2
"21497",8600,3430,3
"21498",10547,4320.74,3
"21499",6925,2808.5,2
"21500",6350,2593,2
"21503",726,288.92,2
"21504",1884,763.2,2
"21506",4740,1910.87999999999,2
"21507",3206,1314,2
"21508",2393,971.109999999999,2
"21509",3581,1444.75,2
"21518",265,106.98,2
"21519",3217,1320.9,2
"21520",457,187.62,2
"21523",3088,19157.02,3
"21524",1662,12095.67,2
"21527",468,3540.6,2
"21528",179,1230.05,2
"21530",756,690.120000000001,2
"21531",1473,3459.15,2
"21533",1317,6267.14999999999,2
"21534",327,1593.45,2
"21535",2460,5830.20000000003,2
"21537",327,1341.75,2
"21538",5,18.75,2
"21539",939,4429.64999999999,2
"21544",1872,1522.4,2
"21547",72,212.4,2
"21555",55,140.25,2
"21556",804,1859.4,2
"21557",300,854.04,2
"21558",1946,4624.80000000002,2
"21559",3716,8734.64000000002,2
"21561",1227,2868.78,2
"21562",319,368.35,2
"21563",1358,2591.02,2
"21564",1016,1686.52,2
"21576",177,403.67,2
"21577",549,1235.25,2
"21578",586,1318.5,2
"21579",154,346.5,2
"21580",90,202.5,2
"21581",165,371.25,2
"21584",1066,1754.9,2
"21586",731,1691.25,2
"21587",197,480.75,2
"21588",1497,3450.15,2
"21591",1187,1456.39,2
"21592",2151,2150.71,2
"21609",761,2072.15,2
"21613",221,632.75,2
"21614",48,141.6,2
"21615",840,1195,2
"21616",755,1093.75,2
"21617",473,851.75,2
"21618",303,473.75,2
"21619",900,1252.5,2
"21620",811,1211.25,2
"21621",2540,20962.16,3
"21622",364,1785,2
"21623",3255,22709.1300000001,3
"21624",204,1190.8,2
"21625",307,2140.19,2
"21626",742,1446.9,2
"21627",38,568.1,2
"21628",44,620.4,2
"21629",53,411.35,2
"21630",54,461.3,2
"21631",155,761.85,2
"21632",60,237,2
"21633",87,528.45,2
"21634",948,462.6,2
"21635",270,367.5,2
"21636",917,703.95,2
"21637",109,136.25,2
"21638",235,493.5,2
"21640",541,447.37,2
"21641",1102,367.98,2
"21642",2452,801.24,2
"21643",490,594.26,2
"21644",215,268.75,2
"21647",117,245.7,2
"21648",654,790.14,2
"21650",2197,440.89,2
"21651",131,201.75,2
"21654",946,432.54,2
"21655",36,60.84,2
"21656",117,169.65,2
"21657",28,194.6,2
"21658",773,2874.07,2
"21661",3,17.85,2
"21662",74,416.3,2
"21664",97,346.47,2
"21666",384,249.6,2
"21667",2,29.9,2
"21668",5035,6224.02999999998,2
"21669",4969,6284.24999999998,2
"21670",4004,5028.51999999999,2
"21671",4080,5042.39999999999,2
"21672",4564,5618.03999999998,2
"21673",3994,4960.49999999999,2
"21675",525,447.81,2
"21676",211,191.05,2
"21677",766,655,2
"21678",104,88.4,2
"21679",1054,891.220000000001,2
"21680",804,683.4,2
"21681",2,19.9,2
"21682",177,881.16,2
"21683",297,876.15,2
"21684",764,575.41,2
"21686",33,1268.35,2
"21688",316,932.2,2
"21689",92,345,2
"21690",24,90,2
"21692",17,63.75,2
"21693",358,1056.1,2
"21694",303,817.05,2
"21695",283,834.85,2
"21696",226,666.7,2
"21698",266,116.62,2
"21700",1266,1076.1,2
"21703",9272,3431.35,3
"21704",5004,3856.37999999999,2
"21705",1377,1299.21,2
"21706",229,1134.58,2
"21707",120,601.22,2
"21708",139,682.45,2
"21709",87,430.06,2
"21710",84,412.41,2
"21711",86,420.1,2
"21713",701,1448.1,2
"21714",1085,1356.25,2
"21715",1141,2736.75,2
"21716",1206,2921.72,2
"21717",405,931.95,2
"21718",1289,1613.67,2
"21719",301,255.85,2
"21720",57,48.45,2
"21721",175,148.75,2
"21722",65,55.25,2
"21723",371,315.35,2
"21724",372,316.2,2
"21725",274,232.9,2
"21726",231,196.35,2
"21730",498,2324.14,2
"21731",12871,19844.9099999999,3
"21733",7759,22624.6900000001,3
"21735",210,2551.95,2
"21736",80,137.22,2
"21738",45,132.75,2
"21739",143,417.44,2
"21741",131,386.45,2
"21742",193,1148.35,2
"21743",275,753.65,2
"21744",367,1128.09,2
"21745",929,3412.19,2
"21746",2974,3521.7,2
"21747",437,527.53,2
"21749",1900,3644.99999999999,2
"21750",78,163.8,2
"21754",2654,15630.9600000001,3
"21755",1946,11535.56,2
"21756",792,4727.82999999999,2
"21757",6,29.7,2
"21758",32,202.4,2
"21761",10,299.5,2
"21763",6,169.75,2
"21769",11,607.65,2
"21770",1577,7311.35999999996,2
"21773",920,693.52,2
"21774",835,647.03,2
"21775",283,313.91,2
"21777",7,55.65,2
"21781",138,2012.5,2
"21784",51,507.45,2
"21785",411,267.95,2
"21786",1589,631.15,2
"21787",8755,6964.63,3
"21788",1203,936.93,2
"21789",799,675.13,2
"21790",13336,10447.42,3
"21791",7143,8531.41,3
"21792",331,1388.65,2
"21793",296,1240.44,2
"21794",501,2064.47,2
"21801",457,191.94,2
"21802",1000,420,2
"21803",1138,477.96,2
"21804",178,656.7,2
"21807",415,174.3,2
"21808",100,370,2
"21809",1859,995.3,2
"21810",5305,2443.07,2
"21811",4332,2181.58,2
"21812",218,1037.1,2
"21813",250,1187.1,2
"21814",75,108.75,2
"21815",132,191.4,2
"21816",34,49.3,2
"21817",908,408.86,2
"21818",2699,1281.13,2
"21819",2465,1054.63,2
"21820",291,1079.84,2
"21821",223,825.45,2
"21822",615,567.79,2
"21823",1196,687.98,2
"21824",1450,698,2
"21826",93,116.25,2
"21827",6,7.5,2
"21828",314,392.5,2
"21829",6462,1332.93,2
"21830",2599,1093.63,2
"21832",785,1306.73,2
"21833",2628,4278.12,2
"21836",3,11.25,2
"21839",1,5.45,2
"21841",73,310.25,2
"21843",1809,17929.75,3
"21844",1814,4972.1,2
"21845",1907,1721.09,2
"21846",72,365.62,2
"21847",9,44.55,2
"21849",52,260.74,2
"21850",61,276.75,2
"21851",26,138.72,2
"21864",610,1192.44,2
"21865",223,463.38,2
"21866",537,670.46,2
"21867",266,336.27,2
"21868",2346,2926.98,2
"21870",1357,1668.89,2
"21871",5265,6151.78,2
"21872",1269,1370.73,2
"21873",1586,1752.34,2
"21874",2852,3724.36,2
"21875",2000,2249.56,2
"21876",3548,4058.76000000001,2
"21877",5347,6708.11,2
"21878",2397,1973.75,2
"21879",1027,303.23,2
"21880",1458,668.94,2
"21881",975,315.55,2
"21882",600,191.28,2
"21883",1368,581.06,2
"21884",1017,318.81,2
"21888",1553,5725.71,2
"21889",5778,7215.95,3
"21890",1075,3262.51,2
"21891",7919,10019.47,3
"21892",2914,3656.75,2
"21894",476,610.73,2
"21895",1,4.25,2
"21896",949,2158.5,2
"21897",402,1250.82,2
"21898",445,1423.03,2
"21899",2605,1633.07,2
"21900",3087,1963.03,2
"21901",1746,1142.86,2
"21902",1915,1176.73,2
"21903",1129,2360.58,2
"21904",51,107.1,2
"21905",685,707.41,2
"21906",483,3220.81,2
"21907",2294,4761.54999999999,2
"21908",3635,7208.51999999999,2
"21910",36,59.4,2
"21911",105,173.25,2
"21912",1575,5523.53,2
"21913",305,1142.53,2
"21914",7434,9222.63,3
"21915",20975,23793.93,3
"21916",4363,1771.54,2
"21917",4095,1653.24,2
"21918",7013,2814.7,2
"21922",759,5682.08999999999,2
"21925",403,503.75,2
"21926",414,509.9,2
"21927",622,769.9,2
"21928",9704,18063.6199999999,3
"21929",9889,18429.9799999999,3
"21930",5706,10890.79,3
"21931",11516,21790.9499999999,3
"21932",2467,4363.66,2
"21933",2410,4295.86000000001,2
"21934",1288,2081.2,2
"21935",1763,2824.37,2
"21936",3758,10371.66,2
"21937",1591,4433.45,2
"21942",161,134.55,2
"21943",57,48.45,2
"21944",232,177.88,2
"21945",225,190.79,2
"21946",72,58.9,2
"21947",596,743.98,2
"21948",418,543.07,2
"21949",613,725.49,2
"21955",1159,6635.61,2
"21967",5166,1506.24,2
"21972",292,423.4,2
"21973",159,230.55,2
"21974",2036,2942.51000000001,2
"21975",12134,5934.68,3
"21976",4967,2513.13,2
"21977",24264,11629.7,3
"21980",6523,2003.31,2
"21981",5295,1512.93,2
"21982",7346,2083.58,2
"21983",2223,712.729999999999,2
"21984",3309,1003.95,2
"21985",8569,2550.29,3
"21986",3985,1129.79,2
"21987",2050,1254.74,2
"21988",2194,1663.3,2
"21989",2068,1675.24,2
"21990",1219,1745.05,2
"21991",471,675.53,2
"21992",1163,1658.69,2
"21993",1366,1934.85,2
"22021",350,577.499999999999,2
"22023",1143,481.290000000001,2
"22024",2304,928.989999999998,2
"22025",1776,707.04,2
"22026",1572,647.28,2
"22027",4165,1702.78999999999,2
"22028",2915,1203.49,2
"22029",7858,3130.21999999999,3
"22030",5361,2130.63,2
"22031",363,158.61,2
"22032",361,151.62,2
"22033",336,141.12,2
"22034",3,1.26,2
"22035",1406,574.06,2
"22037",3795,1573.11999999999,2
"22038",475,199.5,2
"22039",250,105,2
"22040",725,304.5,2
"22041",3812,8450.82000000002,2
"22042",372,156.24,2
"22043",1188,283.32,2
"22044",816,196.44,2
"22045",6502,2662.84,2
"22046",2250,929,2
"22047",3400,1384,2
"22048",975,393.5,2
"22049",1025,275.25,2
"22050",1225,498.5,2
"22051",1000,420,2
"22052",571,239.82,2
"22053",4236,3596.42,2
"22055",1248,1665.08,2
"22057",578,648.18,2
"22059",1749,1973.17,2
"22060",233,1118.95,2
"22061",565,3864.63,2
"22062",559,603.89,2
"22063",544,1127.2,2
"22064",1608,2142.6,2
"22065",6440,2892.02,2
"22066",2248,1035.38,2
"22067",389,569.13,2
"22068",437,509.37,2
"22069",220,240.78,2
"22070",874,2034.43,2
"22071",711,1298.79,2
"22072",813,2539.19,2
"22073",300,1074.6,2
"22074",1001,774.59,2
"22075",1565,2019.23,2
"22076",1035,1304.37,2
"22077",8605,14988.59,3
"22078",1300,2610,2
"22079",1715,2831.99,2
"22080",1182,1902.3,2
"22081",595,994.87,2
"22082",2558,4208.78000000001,2
"22083",4307,12043.21,3
"22084",4893,13435.15,3
"22085",507,1415.65,2
"22086",15617,42660.83,3
"22087",3779,10264.05,2
"22088",1698,4683.09999999999,2
"22089",1190,3398.5,2
"22090",6879,18791.8900000001,3
"22091",1945,922.789999999999,2
"22092",668,312.34,2
"22093",1828,806.759999999998,2
"22094",2087,933.239999999998,2
"22095",1578,1432.04,2
"22096",1364,564.479999999999,2
"22097",1591,692.729999999999,2
"22098",1957,911.719999999999,2
"22099",1405,707.629999999999,2
"22100",729,305.81,2
"22101",837,631.62,2
"22102",1533,715.05,2
"22103",1165,714.09,2
"22104",151,120.07,2
"22105",506,566.5,2
"22106",286,584.9,2
"22107",293,967.48,2
"22108",101,246.53,2
"22109",1383,4993.05,2
"22110",618,1564.61,2
"22111",4259,20104.3500000001,3
"22112",5160,23624.2400000001,3
"22113",3156,12191.15,3
"22114",3736,15415.22,3
"22115",1495,1706.81,2
"22116",505,493.39,2
"22117",1290,3802.5,2
"22118",219,748.83,2
"22119",348,1731.36,2
"22120",505,4856.51999999999,2
"22121",333,1930.89,2
"22123",443,794.39,2
"22124",79,130.37,2
"22125",4,23.8,2
"22127",402,479.7,2
"22128",1729,2042.69,2
"22129",992,790.56,2
"22130",1505,1260.53,2
"22131",1890,3370.42,2
"22132",935,772.910000000001,2
"22133",702,585.78,2
"22134",637,255.18,2
"22135",262,114.96,2
"22136",334,531.9,2
"22137",68,191,2
"22138",4797,23007.5500000001,3
"22139",4248,20470.7800000001,3
"22141",2448,5025.58,2
"22142",3073,4339.29,2
"22144",3468,7128.10000000002,2
"22145",30,63,2
"22146",1,1.95,2
"22147",6127,8314.54999999998,3
"22148",1819,3367.05000000001,2
"22149",5890,11566.39,3
"22150",2923,5478.04999999997,2
"22151",14877,5922.27,3
"22152",2351,967.55,2
"22153",2459,1012.62,2
"22154",3532,1457.52,2
"22155",2203,925.26,2
"22156",1875,1588.16,2
"22157",212,180.2,2
"22158",2895,8161.21,2
"22161",4143,857.33,2
"22162",106,312.7,2
"22163",626,580.94,2
"22164",71,209.45,2
"22165",267,1490.65,2
"22166",122,489.9,2
"22167",121,1059.95,2
"22168",139,1171.3,2
"22169",1075,8416.64,2
"22170",1023,6378.15,2
"22171",1723,12294.38,2
"22173",2151,6273.28999999999,2
"22174",2688,4032.56000000001,2
"22175",841,2384.95,2
"22176",489,1423.35,2
"22178",22433,28776.5100000001,3
"22179",796,5110.74,2
"22180",303,2962.65,2
"22181",577,477.97,2
"22182",206,723.7,2
"22183",74,466.95,2
"22184",8,68,2
"22185",1428,2029.7,2
"22186",801,1723.79,2
"22187",1183,2562.27,2
"22188",4844,12261.9,3
"22189",8195,22715.57,3
"22190",566,785.13,2
"22191",1426,11587.2,2
"22192",907,7528.93,2
"22193",1352,11074.39,2
"22194",53,450.5,2
"22195",1699,2841.87,2
"22196",2385,2013.73,2
"22197",49183,37226.4300000001,1
"22198",873,1370.45,2
"22199",384,1328.5,2
"22200",326,1209.54,2
"22201",108,366,2
"22202",39,146.25,2
"22203",310,996.13,2
"22204",96,302.5,2
"22207",1200,4731.36,2
"22208",1289,1234.1,2
"22209",825,802.820000000001,2
"22210",914,822.570000000001,2
"22211",783,808.380000000001,2
"22212",1422,2917.46999999999,2
"22214",114,246.7,2
"22215",330,2254.5,2
"22216",327,182.31,2
"22217",765,647.51,2
"22218",1,4.25,2
"22219",3372,2818.61999999999,2
"22220",214,1499.5,2
"22221",124,964.4,2
"22222",824,2599.19999999999,2
"22223",315,902.850000000001,2
"22224",688,1973.6,2
"22227",1969,1276.85,2
"22228",852,598.159999999999,2
"22229",495,334.27,2
"22230",926,356.46,2
"22231",869,823.170000000001,2
"22232",623,506.43,2
"22233",541,515.29,2
"22236",308,3624.6,2
"22241",1788,2180.28,2
"22242",631,964.35,2
"22243",3055,4596.75,2
"22244",1617,2915.55,2
"22245",1199,966.110000000001,2
"22246",278,555.18,2
"22247",485,408.09,2
"22248",383,321.39,2
"22249",645,544.09,2
"22250",449,377.49,2
"22251",520,645.44,2
"22252",650,770.32,2
"22254",594,706.02,2
"22255",542,460.7,2
"22256",262,327.5,2
"22257",283,194.39,2
"22258",722,543.94,2
"22259",384,240.96,2
"22260",410,351.62,2
"22261",520,447.46,2
"22262",924,788.52,2
"22263",256,125.68,2
"22264",1393,518.77,2
"22265",514,334.1,2
"22266",1861,563.35,2
"22267",828,654.7,2
"22268",1838,666.44,2
"22269",841,521.73,2
"22270",211,773.97,2
"22271",1653,4716.86999999998,2
"22272",194,553.1,2
"22273",4469,11762.99,3
"22274",1301,3732.14999999999,2
"22275",69,527.85,2
"22276",253,645.15,2
"22277",355,728.62,2
"22278",244,1207.8,2
"22279",480,578.41,2
"22280",177,224.88,2
"22281",109,648.55,2
"22282",111,1425.27,2
"22283",258,2058.94,2
"22284",901,1486.65,2
"22285",834,1376.1,2
"22286",1051,867.27,2
"22287",750,633.96,2
"22288",453,566.25,2
"22289",126,157.5,2
"22291",1243,1802.35,2
"22292",1088,1520,2
"22293",821,1190.45,2
"22294",5439,6671.07,2
"22295",2737,4420.17000000001,2
"22296",3055,4988.83000000001,2
"22297",3863,4715.03,2
"22299",1316,1231.34,2
"22300",1450,3047.34,2
"22301",2118,4529.34000000001,2
"22302",2288,4959.85000000001,2
"22303",2770,6124.15000000002,2
"22304",744,1268.06,2
"22305",684,1559.44,2
"22306",1138,1303.29,2
"22307",729,835.610000000001,2
"22308",145,356.89,2
"22309",293,709.38,2
"22310",531,841.79,2
"22311",1054,2925.5,2
"22312",503,1454.99,2
"22313",553,1482.89,2
"22314",517,1434.09,2
"22315",761,914.77,2
"22316",638,706.3,2
"22317",172,506.32,2
"22318",396,1161,2
"22319",1346,587.86,2
"22320",183,1100.21,2
"22321",760,646,2
"22322",390,331.5,2
"22323",1,1.95,2
"22324",228,456.36,2
"22325",153,755.25,2
"22326",8100,22175.5200000002,3
"22327",832,2358.4,2
"22328",6481,17604.9900000001,3
"22329",1387,2182.95,2
"22331",1768,2750.96,2
"22332",982,1562.7,2
"22333",4391,6749.22999999998,2
"22334",684,1101.44,2
"22335",2024,1250.2,2
"22336",2283,668.09,2
"22337",635,383.95,2
"22338",4179,925.71,2
"22339",2283,569.29,2
"22340",993,430.23,2
"22341",405,672.65,2
"22342",833,769.65,2
"22343",1705,744.91,2
"22344",1049,373.31,2
"22345",972,318.48,2
"22346",885,309.69,2
"22348",3863,3223.48999999999,2
"22349",1341,5227.93,2
"22350",1356,3586.32000000001,2
"22351",12,19.8,2
"22352",2853,6717.79000000003,2
"22353",61,155.55,2
"22354",700,2502.82,2
"22355",8975,7138.65000000001,3
"22356",7306,5840.64,3
"22357",324,1332.6,2
"22358",456,1341.28,2
"22359",162,480.74,2
"22360",886,2455.9,2
"22361",539,1513.25,2
"22362",349,987.230000000001,2
"22363",454,1226.94,2
"22364",519,1429.97,2
"22365",730,4873.44,2
"22366",722,4887.82,2
"22367",3543,6572.49,2
"22371",830,3489.88,2
"22372",221,935.33,2
"22374",448,1882.84,2
"22375",253,1056.05,2
"22376",193,820.69,2
"22377",1038,1510.89,2
"22378",1685,2092.56,2
"22379",6088,11942.43,3
"22380",1156,2274.75,2
"22381",3169,6229.58,2
"22382",9912,15881.1999999999,3
"22383",11722,18723.7,3
"22384",10254,16349.5,3
"22385",8236,15331.0199999999,3
"22386",20165,37289.5900000001,3
"22389",329,596.91,2
"22390",261,410.72,2
"22391",146,186.06,2
"22393",487,617.38,2
"22394",160,190.8,2
"22395",134,130.26,2
"22396",1182,572.819999999999,2
"22398",2545,1528.68,2
"22399",1130,1309.9,2
"22400",1393,714.599999999998,2
"22402",1705,1008.14,2
"22403",1223,569.749999999999,2
"22405",347,351.19,2
"22406",319,336.89,2
"22407",94,98.07,2
"22408",137,141.5,2
"22409",216,270,2
"22410",223,212.88,2
"22411",10518,20174.2299999999,3
"22412",877,1784.7,2
"22413",3690,10647.3,2
"22414",253,1645.67,2
"22415",19,151.05,2
"22416",850,1174.9,2
"22417",8103,4131.68999999999,3
"22418",6267,5209.16999999999,2
"22419",2812,1236.12,2
"22420",1199,500.33,2
"22421",1925,795.2,2
"22422",971,397.25,2
"22423",12402,142592.95,1
"22424",713,8519,2
"22425",434,2086.11,2
"22426",660,2231.8,2
"22427",1995,11444.93,2
"22428",221,1528.73,2
"22429",1193,4954.29,2
"22430",544,2646.6,2
"22431",1981,3686.64999999999,2
"22432",1648,3100.57999999999,2
"22433",1341,2487.53,2
"22434",779,1521.23,2
"22435",2680,3257.04,2
"22436",2110,1373.3,2
"22437",2727,2263.35,2
"22438",900,825.24,2
"22439",1768,1176.8,2
"22440",5897,2254.14,2
"22441",994,2069.4,2
"22442",292,1177.8,2
"22443",153,1216.35,2
"22444",763,935.51,2
"22445",472,1368.2,2
"22446",161,432.99,2
"22447",75,223.95,2
"22448",187,576.31,2
"22449",365,1217.68,2
"22450",184,614,2
"22451",202,657.5,2
"22452",388,1094.8,2
"22453",334,951.700000000001,2
"22454",228,639,2
"22456",1452,6833.2,2
"22457",8480,24245.5200000003,3
"22458",513,1371.43,2
"22459",375,962.73,2
"22460",2381,2871.84,2
"22461",231,1251.25,2
"22464",3200,4823.50000000001,2
"22465",1965,2839.63,2
"22466",2929,5071.94999999999,2
"22467",7688,17580.3499999999,3
"22468",467,3032.39,2
"22469",16775,28228.6399999999,3
"22470",9591,28520.9500000002,3
"22471",360,1097.68,2
"22472",293,1234.07,2
"22473",437,1239.39,2
"22474",244,1009.04,2
"22475",281,1225.95,2
"22476",811,2150.77,2
"22477",1290,1778.1,2
"22478",1417,1936.85,2
"22479",1078,1513.1,2
"22480",613,729.77,2
"22481",694,608.52,2
"22482",448,523.52,2
"22483",726,2041.78,2
"22485",462,5652.9,2
"22486",52,288.94,2
"22487",724,6778.80999999996,2
"22488",2911,4636.91,2
"22489",9314,3754.88999999999,3
"22491",3910,3130.83999999999,2
"22492",26076,16039.2399999999,3
"22493",2354,3740.58,2
"22494",890,1102.64,2
"22495",242,515.18,2
"22496",243,477.09,2
"22497",178,756.5,2
"22498",229,1362.55,2
"22499",1734,9928.83000000003,2
"22500",240,840.200000000001,2
"22501",1194,10818.9,2
"22502",1488,47366.2,3
"22503",64,1279.2,2
"22504",160,3012.4,2
"22505",1365,6306.19,2
"22507",2786,12411.02,2
"22508",1516,5938.21,2
"22509",205,1931.75,2
"22510",210,404.62,2
"22511",245,455.87,2
"22512",118,236,2
"22513",135,408.73,2
"22514",261,539.100000000001,2
"22515",237,488.7,2
"22516",171,350.1,2
"22517",186,381.6,2
"22518",333,663.300000000001,2
"22519",370,741.000000000001,2
"22520",705,599.25,2
"22521",607,515.95,2
"22522",923,759.590000000001,2
"22523",844,717.400000000001,2
"22524",592,721,2
"22525",458,553.5,2
"22526",112,1406.4,2
"22529",816,329.76,2
"22530",3514,1431.96,2
"22531",3293,1348.5,2
"22532",1063,360.06,2
"22533",1745,607.62,2
"22534",4331,1735.5,2
"22535",1716,631.44,2
"22536",4721,1782.18,2
"22537",1818,763.56,2
"22538",387,151.5,2
"22539",2824,1050.41,2
"22540",2451,915.78,2
"22541",466,181.04,2
"22543",1436,516.61,2
"22544",4414,1628.3,2
"22545",1089,391.11,2
"22546",2065,767.83,2
"22547",738,279.51,2
"22548",1873,2097.96,2
"22549",2992,4237.04000000001,2
"22550",1102,3810.71,2
"22551",7664,12151.7999999999,3
"22553",4036,6505.80000000001,2
"22554",7307,11637.4299999999,3
"22555",5885,9462.28999999998,3
"22556",5952,9596.95999999998,3
"22557",4573,7346.69000000001,2
"22558",8418,12545.38,3
"22559",387,472.77,2
"22560",8014,9311.47,3
"22561",5695,9072.87000000002,3
"22562",1398,1720.42,2
"22563",2785,3254.6,2
"22564",2673,3005.44,2
"22565",818,712.460000000001,2
"22566",834,721.38,2
"22567",2368,3048.2,2
"22568",3284,11783.05,3
"22569",2698,9655.48,2
"22570",3018,10694.81,2
"22571",2207,1813.55,2
"22572",1265,1050.29,2
"22573",2445,2040.81,2
"22574",2124,1854.54,2
"22575",622,1160.1,2
"22576",1419,1218.63,2
"22577",9784,3416.48,3
"22578",9630,3165.22000000001,3
"22579",4808,1665.16,2
"22580",836,4787.68,2
"22581",1090,705.72,2
"22582",1029,2496.76,2
"22583",529,1348.95,2
"22584",2241,5496.59000000001,2
"22585",6062,7149.7,3
"22586",796,676.6,2
"22587",845,718.250000000001,2
"22588",605,1732.41,2
"22589",323,940.49,2
"22591",374,1250.84,2
"22592",506,1886.08,2
"22593",2049,1736.97,2
"22594",1744,1480.06,2
"22595",6516,5278.85999999999,2
"22596",3290,3567.7,2
"22597",2534,973.68,2
"22598",815,291.33,2
"22599",1489,528.21,2
"22600",1540,1303.54,2
"22601",2238,1827.42,2
"22602",1962,1647.42,2
"22603",1295,1089.83,2
"22604",1173,2647.96,2
"22605",709,9555.98,2
"22606",305,4336.75,2
"22607",1269,11601.14,2
"22608",4933,984.730000000001,2
"22609",5636,1219.88,2
"22610",9146,2320.58,3
"22611",219,1016.85,2
"22613",1488,1150.38,2
"22614",2957,961.289999999999,2
"22615",2024,618.42,2
"22616",25345,7266.71,3
"22617",2153,10210.89,2
"22618",66,621.66,2
"22619",2297,8597.5,2
"22620",4491,5960.07999999997,2
"22621",5895,9297.87,3
"22622",1295,13035.66,2
"22623",920,5031.57,2
"22624",1783,14788.33,3
"22625",1476,11895.73,2
"22626",504,4159.53,2
"22627",792,6599.79,2
"22628",775,3612.25,2
"22629",13919,24694.5900000002,3
"22630",11336,20129.4400000001,3
"22631",3375,6122.62999999999,2
"22632",4394,8751.12,2
"22633",4746,9550.56000000002,3
"22634",731,6681.84999999999,2
"22635",657,6062.99999999999,2
"22636",565,4656.3,2
"22637",2619,6308.57,2
"22638",255,394.42,2
"22639",763,1733.37,2
"22640",186,344.22,2
"22641",112,225.92,2
"22642",253,516.8,2
"22643",185,334.63,2
"22644",2052,2328.78,2
"22645",1757,2255.93,2
"22646",3927,4756.91000000001,2
"22647",721,429.85,2
"22649",751,3653.74999999999,2
"22650",800,1136,2
"22651",1992,1602.72,2
"22652",4864,7787.36,2
"22653",1072,2022.66,2
"22654",1058,5974.62,2
"22655",60,8125,2
"22656",26,3685,2
"22659",11094,19353.22,3
"22660",327,2157.33,2
"22661",5085,4028.19,2
"22662",6545,10360.69,3
"22663",3097,6008.41000000001,2
"22664",642,1178.18,2
"22665",1219,3425.00999999999,2
"22666",7373,20859.2700000002,3
"22667",2870,7952.89999999996,2
"22668",1965,5448.11,2
"22669",1027,2969.65,2
"22670",1754,2193.99,2
"22671",919,1465.31,2
"22672",1382,2227.62,2
"22673",772,960.58,2
"22674",1274,1536.71,2
"22675",1176,1423.89,2
"22676",1040,1303.64,2
"22677",874,1092.51,2
"22678",751,941.18,2
"22679",647,810.57,2
"22680",745,932.47,2
"22681",627,785.57,2
"22682",618,773.11,2
"22683",575,720.57,2
"22684",464,579.4,2
"22685",543,678.15,2
"22686",859,997.2,2
"22687",568,2991.7,2
"22688",700,3442.04,2
"22689",614,4340.44,2
"22690",1597,9635.88999999998,2
"22691",344,2268.64,2
"22692",1378,9468.07999999998,2
"22693",15940,17226.2,3
"22694",1612,3337.19999999999,2
"22695",695,850.869999999999,2
"22696",694,1307.36,2
"22697",6430,17806.3400000001,3
"22698",5343,14769.4900000001,3
"22699",9132,24865.6000000003,3
"22700",1194,2584.68,2
"22701",436,613.24,2
"22702",1357,2661.9,2
"22703",168,249.42,2
"22704",5275,2167.5,2
"22705",1900,798,2
"22706",2050,845,2
"22707",1250,525,2
"22708",2775,1149.5,2
"22709",1325,528.5,2
"22710",4425,1742.5,2
"22711",2852,1181.84,2
"22712",4319,1721.37,2
"22713",3309,1312.12,2
"22714",3367,1324.89,2
"22715",1506,615.24,2
"22716",3088,1272.27,2
"22717",1170,487.080000000001,2
"22718",1560,646.56,2
"22719",463,508.07,2
"22720",7020,33347.7999999998,3
"22721",910,3949.71999999999,2
"22722",5372,20530,3
"22723",1059,3705.89,2
"22725",1776,6574.26,2
"22726",5641,20880.4,3
"22727",7221,25925.2,3
"22728",5074,18569.09,3
"22729",2182,7995.63,2
"22730",2728,10285.61,2
"22731",1075,1361.95,2
"22732",1522,1930.38,2
"22733",1471,1882.31,2
"22734",2843,8051.83000000002,2
"22735",673,1106.13,2
"22736",1102,1825.46,2
"22737",1227,2075.39,2
"22738",2007,3219.43,2
"22739",1588,2704.44,2
"22740",6625,5475.25000000001,3
"22741",8328,7010.94000000002,3
"22742",628,1245.88,2
"22743",867,2030.61,2
"22744",833,1898.83,2
"22745",1788,3689.94999999998,2
"22746",1319,2733.01999999999,2
"22747",879,1800.9,2
"22748",1895,3933.70999999998,2
"22749",2223,8071.51,2
"22750",1964,7166.94,2
"22751",1514,5446.1,2
"22752",1654,12665.29,2
"22753",918,614.63,2
"22754",1802,1106.44,2
"22755",1577,1012.78,2
"22756",554,546.88,2
"22757",1009,950.459999999999,2
"22758",1122,942.019999999999,2
"22759",5207,8283.75000000001,3
"22760",259,3089.85,2
"22761",34,821.3,2
"22762",145,2070.95,2
"22763",191,1865.65,2
"22764",3,74.85,2
"22765",25,257.37,2
"22766",3206,9365.78000000001,2
"22767",761,6932.82999999999,2
"22768",837,7646.83999999998,2
"22769",6,137.7,2
"22770",83,1223.25,2
"22771",5753,6923.17,3
"22772",3345,3926.72,2
"22773",1852,2242.52,2
"22774",2007,2322.27,2
"22775",2614,3169.87,2
"22776",1116,10570.6,2
"22777",331,2598.45,2
"22778",757,2743.75,2
"22779",1535,5781.35,2
"22780",1340,5018.84,2
"22781",533,3916.79000000001,2
"22782",241,3399.94999999999,2
"22783",462,5922.12,2
"22784",1214,5721.42,2
"22785",212,797.44,2
"22786",108,576.64,2
"22788",205,1734.05,2
"22789",838,1605.84,2
"22791",7336,8378.89,3
"22792",2313,1888.31,2
"22794",300,2373,2
"22795",1099,7084.65,2
"22796",554,5377.44999999999,2
"22797",146,2459.04,2
"22798",1643,4687.01,2
"22799",198,1497.8,2
"22800",765,2817.13,2
"22801",890,3223.35,2
"22802",66,1055.7,2
"22803",46,1715.9,2
"22804",2869,7247.90999999997,2
"22805",1574,1924.18,2
"22806",243,595.65,2
"22807",676,1796.64,2
"22808",320,899.8,2
"22809",1198,3517.66,2
"22810",908,2792.08,2
"22811",775,1987.93,2
"22812",1571,2964.77,2
"22813",2265,4203.33,2
"22814",1581,633.78,2
"22815",1810,747.24,2
"22816",3438,1420.2,2
"22817",1858,763.08,2
"22818",3162,1319.4,2
"22819",1848,758.88,2
"22820",761,494.83,2
"22821",834,542.46,2
"22822",417,2402.66,2
"22823",24,2745,2
"22824",55,1938.25,2
"22825",70,544.5,2
"22826",58,6210,2
"22827",35,5415,2
"22828",10,1530,2
"22829",215,2066.75,2
"22830",131,2610.29,2
"22831",684,1960.2,2
"22832",155,1645.45,2
"22833",75,2503.53,2
"22834",4633,6149.33,2
"22835",2972,13847.28,3
"22837",992,4479.2,2
"22838",652,8737.77999999999,2
"22839",364,4954.55999999999,2
"22840",891,6600.72999999998,2
"22841",516,3895.48,2
"22842",572,3609.8,2
"22843",434,2691.88,2
"22844",826,6779.35,2
"22845",704,4208.08999999999,2
"22846",626,9597.30999999999,2
"22847",851,13191.69,2
"22848",302,4598.35,2
"22849",308,4706.36,2
"22851",2609,2148.23,2
"22852",354,1507.92,2
"22853",431,1396.95,2
"22854",750,3547.3,2
"22855",2508,2984.52,2
"22856",564,650.28,2
"22857",1156,945.16,2
"22858",1081,1718.85,2
"22859",1150,1832.7,2
"22860",567,935.549999999999,2
"22861",292,481.8,2
"22862",143,607.75,2
"22863",693,1948.35,2
"22865",8115,16237.6300000001,3
"22866",6118,12248.76,3
"22867",6001,12081.4300000001,3
"22868",54,105.3,2
"22869",69,134.55,2
"22870",67,130.65,2
"22871",52,101.4,2
"22872",55,107.25,2
"22873",47,91.65,2
"22874",54,105.3,2
"22875",51,99.45,2
"22876",52,101.4,2
"22877",56,109.2,2
"22878",52,109.2,2
"22879",62,69.34,2
"22880",72,88.84,2
"22881",79,102.49,2
"22882",83,110.29,2
"22883",78,100.54,2
"22884",75,94.69,2
"22885",79,102.49,2
"22886",74,92.74,2
"22887",66,77.14,2
"22888",63,71.29,2
"22889",147,164.58,2
"22890",366,3505.12,2
"22891",345,1519.01,2
"22892",2461,3007.85,2
"22893",1464,591.84,2
"22894",291,2821.95,2
"22895",1980,5855.24,2
"22896",1498,3566.77000000001,2
"22897",1298,1850.66,2
"22898",2201,4120.84999999999,2
"22899",1982,3986.87999999999,2
"22900",4580,13068.2,3
"22902",1212,2306.58,2
"22903",153,427.43,2
"22904",1768,5072.63999999999,2
"22905",478,1225.49,2
"22906",1628,2590.2,2
"22907",6102,4966.31999999998,2
"22908",4234,3330.63999999999,2
"22909",8122,6530.25999999998,3
"22910",9433,25669.2700000001,3
"22911",438,1246.94,2
"22912",270,1222.74,2
"22913",327,1479.69,2
"22914",428,1979.64,2
"22915",2928,1104.36,2
"22916",1819,1170.35,2
"22917",1858,1195.7,2
"22918",1776,1122.4,2
"22919",1669,1072.85,2
"22920",3329,2000.35,2
"22921",1648,1059.2,2
"22922",1482,1226.4,2
"22923",1281,1042.05,2
"22924",1188,978.600000000001,2
"22925",427,2517.67,2
"22926",569,3313.55,2
"22927",395,2278.25,2
"22928",251,1535.57,2
"22929",19,1199.75,2
"22930",1041,2515.67,2
"22931",794,1878.61,2
"22932",872,1950.9,2
"22933",876,2272.2,2
"22934",560,1527.2,2
"22935",673,1964.25,2
"22936",258,766.88,2
"22937",941,2425.19,2
"22938",2321,4355.33,2
"22939",448,2188.48,2
"22940",1896,7722.68,2
"22941",1572,12150,2
"22942",581,4108.75,2
"22943",1280,5968.98,2
"22944",2704,1125.94,2
"22945",2863,2401.03,2
"22946",370,5340,2
"22947",536,5047.59999999999,2
"22948",1456,1286.56,2
"22949",947,1373.15,2
"22950",5180,7045.39999999998,2
"22951",7247,3755.40999999999,2
"22952",14759,7431.04999999998,3
"22953",460,578.63,2
"22954",165,206.25,2
"22955",1005,1929.14,2
"22956",2003,3823.55999999999,2
"22957",1749,4881.14999999998,2
"22959",4876,2003.92,2
"22960",8151,32662.97,3
"22961",15055,21170.75,3
"22962",3681,2952.56999999999,2
"22963",3071,2452.01,2
"22964",2514,5034.64,2
"22965",1318,2726.41999999999,2
"22966",7204,8625.13,3
"22967",1161,3230.55,2
"22968",729,6574.94999999999,2
"22969",12092,17521.5999999999,3
"22970",4246,9666.29999999999,2
"22971",2365,5603.57000000001,2
"22972",1715,2790.71000000001,2
"22973",1192,1924.48,2
"22974",1523,2457.99,2
"22975",1118,1405.97,2
"22976",1047,1313.59,2
"22977",905,1132.46,2
"22978",2407,9184.28,2
"22979",3920,5795.85999999999,2
"22980",2289,3661.89000000001,2
"22981",436,603.4,2
"22982",1045,1308.3,2
"22983",5038,2072.78999999999,2
"22984",2678,1073.74,2
"22985",3750,1487,2
"22986",4101,1710.42,2
"22987",100,42,2
"22988",8821,10150.22,3
"22989",2697,8323.17,2
"22990",607,2695.29,2
"22991",3710,6820.73999999998,2
"22992",4917,8950.28999999999,3
"22993",11792,14180.17,3
"22994",2107,883.500000000001,2
"22995",2236,936.24,2
"22996",4552,1880.16,2
"22997",2527,1059.9,2
"22998",11769,4693.4,3
"22999",2875,1206.06,2
"23000",3044,1275.6,2
"23002",2078,871.32,2
"23003",541,225.78,2
"23004",1862,783.68,2
"23005",4396,1788.72,2
"23006",1699,712.14,2
"23007",450,7065.49999999998,2
"23008",421,6567.94999999998,2
"23009",209,3262.55,2
"23010",285,4444.74999999999,2
"23012",1017,3775.49,2
"23013",866,3215.04,2
"23014",800,2959.68,2
"23015",37,305.25,2
"23016",69,512.85,2
"23017",64,751.4,2
"23018",50,587.2,2
"23019",81,629.05,2
"23020",176,2092,2
"23021",118,480.1,2
"23022",416,795.68,2
"23023",272,431.24,2
"23024",254,662.06,2
"23025",317,669.61,2
"23026",504,1019.05,2
"23027",287,596.96,2
"23028",1247,2000.19,2
"23029",1284,2080.2,2
"23031",1246,2017.5,2
"23032",2264,3630.00000000001,2
"23033",685,952.45,2
"23034",947,1332.35,2
"23035",2089,2941.69,2
"23036",183,228.75,2
"23037",193,315.29,2
"23038",41,38.03,2
"23039",192,370.8,2
"23040",246,1318.5,2
"23041",260,1079,2
"23042",99,658.35,2
"23043",75,468.75,2
"23044",103,427.45,2
"23045",116,481.4,2
"23046",347,2091.55,2
"23047",58,333.5,2
"23048",564,2264.74,2
"23049",435,3572.75,2
"23050",459,3763.55,2
"23051",335,2741.35,2
"23052",571,4694.75,2
"23053",319,2598.15,2
"23054",268,2206.2,2
"23055",561,1292.97,2
"23056",869,2808.41,2
"23057",677,1660.99,2
"23058",486,421.02,2
"23060",244,507.52,2
"23061",964,1199.96,2
"23064",220,3617.6,2
"23065",257,3115.3,2
"23066",245,1963.65,2
"23067",277,1149.55,2
"23068",805,1937.21,2
"23069",89,556.25,2
"23070",147,610.05,2
"23071",317,1230.1,2
"23072",326,1099,2
"23073",142,1694,2
"23074",225,452.34,2
"23075",470,1931.3,2
"23076",7920,9668.16,3
"23077",9662,11640.7,3
"23078",6607,8077.31,3
"23079",250,2216.5,2
"23080",1003,7962.03,2
"23081",454,3614.64,2
"23082",2265,8129.43,2
"23083",1860,6739.63,2
"23084",27202,51346.2000000001,3
"23085",374,3489.7,2
"23086",1194,1371.54,2
"23087",830,997.18,2
"23088",760,947.18,2
"23089",2136,3497.22,2
"23090",2130,1723.62,2
"23091",570,3488.25,2
"23092",509,3584.06,2
"23093",916,2125.16,2
"23094",147,1837.5,2
"23096",1007,1629.83,2
"23099",132,858.9,2
"23100",2093,2565.85,2
"23101",1948,1574.6,2
"23102",1245,1006.95,2
"23103",3939,6456.15,2
"23104",116,1355.5,2
"23106",283,769.27,2
"23107",340,919.8,2
"23108",2194,12985.23,2
"23109",2325,6528.25000000002,2
"23110",664,3685.2,2
"23111",296,3464.8,2
"23112",472,3444.8,2
"23113",1138,5695.86000000001,2
"23114",144,684,2
"23115",147,698.85,2
"23116",72,327.6,2
"23117",85,420.75,2
"23118",765,5399.02,2
"23119",2156,1276.33,2
"23120",1648,657.6,2
"23121",2465,960.42,2
"23122",2093,1554.31,2
"23123",900,706.08,2
"23124",503,595.15,2
"23125",405,443.25,2
"23126",1089,5297.03,2
"23127",714,3511.34,2
"23128",436,2109.88,2
"23129",942,3933.18,2
"23130",918,3748.42,2
"23131",894,3636.78,2
"23132",1022,5069.58,2
"23133",759,5142.91,2
"23134",1064,6414.48,2
"23135",1538,5378.8,2
"23136",127,467.05,2
"23137",80,253.24,2
"23138",875,1209.15,2
"23139",407,503.83,2
"23140",160,658.54,2
"23141",68,215,2
"23142",116,1137.65,2
"23143",25,156.8,2
"23144",4894,3879.98,2
"23145",2054,1919.34,2
"23146",781,2535.89,2
"23147",1845,2672.85,2
"23148",2118,1756.5,2
"23149",97,241.53,2
"23150",139,346.11,2
"23151",60,106.9,2
"23152",545,2013.51,2
"23153",248,923.63,2
"23154",2472,4986.49,2
"23155",2106,1679.34,2
"23156",1638,3311.78,2
"23157",2543,5058.59,2
"23158",2538,5121.48,2
"23159",2283,4620.97,2
"23160",1404,1666.8,2
"23161",1608,1896.6,2
"23162",1362,4789.24,2
"23163",1714,3949.7,2
"23164",564,2579.21,2
"23165",2954,4624.50000000001,2
"23166",77916,81416.73,1
"23167",5666,4184.18,2
"23168",2850,3285.67,2
"23169",1453,5837.95,2
"23170",6575,10190.79,3
"23171",5966,9184.9,3
"23172",3688,5793.28000000001,2
"23173",2666,23073.3200000001,3
"23174",2956,11575.54,2
"23175",3066,9008,2
"23176",2090,4377.76,2
"23177",2431,5036.55,2
"23178",312,845.5,2
"23179",304,837.88,2
"23180",104,471.9,2
"23181",185,1484.25,2
"23182",3414,2837.57,2
"23183",178,690.71,2
"23184",778,3749.5,2
"23185",323,116.59,2
"23186",1982,819.46,2
"23187",2338,695.06,2
"23188",3098,5103.46000000001,2
"23189",1215,3319.35,2
"23190",1678,2691.14,2
"23191",2176,3520.40000000001,2
"23192",3286,5225.22000000001,2
"23193",1855,3768.57,2
"23194",1754,3688.67,2
"23196",1760,2484.8,2
"23197",1368,1971.04,2
"23198",3067,4346.99,2
"23199",13887,26451.2599999999,3
"23200",6733,13043.2399999999,3
"23201",12540,24174.9999999999,3
"23202",10716,20963.9299999999,3
"23203",19516,37684.3800000001,3
"23204",7039,5632.15,3
"23205",5152,4106.72,2
"23206",11565,18278.25,3
"23207",7554,12029.06,3
"23208",6225,10006.45,3
"23209",13004,20817.56,3
"23210",2803,3377.75,2
"23211",2208,2634,2
"23212",2179,2582.63,2
"23213",1595,1923.19,2
"23214",777,1635.23,2
"23215",3547,6962.04,2
"23216",518,613.51,2
"23217",1290,1567,2
"23218",372,465.81,2
"23219",404,504.6,2
"23220",930,775.26,2
"23221",1461,1241.59,2
"23222",776,690.64,2
"23223",747,671.77,2
"23224",719,620.45,2
"23225",1297,1090.43,2
"23226",1199,1478.59,2
"23227",1592,1947.06,2
"23228",1397,1726.3,2
"23229",1804,6336.43,2
"23230",7950,3207,3
"23231",7225,2986.5,2
"23232",8626,3478.92,3
"23233",5175,2105.5,2
"23234",1635,4576.05000000001,2
"23235",729,1902.69,2
"23236",2459,6828.31000000002,2
"23237",1044,4212.20000000001,2
"23238",1788,7170.59999999998,2
"23239",823,3188.05000000001,2
"23240",4103,16432.2499999999,3
"23241",2024,4099.52,2
"23242",1436,2898.56,2
"23243",4663,22133.83,3
"23244",925,1692.91,2
"23245",5856,26625.6799999999,3
"23247",2060,5795.20000000002,2
"23249",802,1294.5,2
"23250",1103,1358.59,2
"23251",1646,1956.7,2
"23252",590,2168.34,2
"23253",214,3082.1,2
"23254",1664,6704.00000000001,2
"23255",963,3856.59,2
"23256",2018,8123.78000000002,2
"23263",3747,4829.08,2
"23264",1845,2400.45,2
"23265",1680,2172.46,2
"23266",1975,2543.39,2
"23267",1158,1427.34,2
"23268",1435,1981.63,2
"23269",755,1075.55,2
"23270",1166,1625.9,2
"23271",1622,1316.82,2
"23272",352,522.74,2
"23273",928,1533.84,2
"23274",1142,1875.06,2
"23275",3642,4327.42,2
"23280",1995,1546.91,2
"23281",1270,976.220000000001,2
"23282",753,612.72,2
"23283",967,6600.27,2
"23284",5342,35913.85,3
"23285",4679,4384.83,2
"23286",4901,4528.29000000001,2
"23287",1782,1452.3,2
"23288",4505,4261.89,2
"23289",1553,1854.85,2
"23290",2367,2757.15,2
"23291",1549,1881.39,2
"23292",2082,2487.62,2
"23293",8243,6469.45000000001,3
"23294",4292,3360.18,2
"23295",5963,4675.61,2
"23296",4879,5687.15,2
"23297",4260,6676.99999999999,2
"23298",7785,36173.9499999999,3
"23299",983,3567.67,2
"23300",6303,9963.38999999998,3
"23301",7740,12493.48,3
"23302",1481,1993.91,2
"23303",65,126.75,2
"23304",71,138.45,2
"23305",82,159.9,2
"23306",2692,3819.94000000001,2
"23307",11675,5982.08999999998,3
"23308",5967,3098.21,2
"23309",7727,3729.05,3
"23310",11891,4894.82999999998,3
"23311",2199,5564.25000000002,2
"23312",1365,5527.15,2
"23313",2755,12994.77,3
"23314",393,4663.52,2
"23315",202,1894.7,2
"23316",236,2222.2,2
"23317",162,1557.9,2
"23318",3647,8350.40999999997,2
"23319",3539,8216.78999999996,2
"23320",2635,6926.11000000001,2
"23321",4283,6832.83000000001,2
"23322",2908,8184.69999999996,2
"23323",1426,2963.09999999999,2
"23324",381,770.4,2
"23325",444,701.4,2
"23326",3370,2000.22,2
"23327",1710,1012.02,2
"23328",2067,7510.29,2
"23329",1712,2812.80000000001,2
"23330",1761,2193.69,2
"23331",1492,932.279999999999,2
"23332",1996,3283.8,2
"23333",2030,2524.9,2
"23334",2154,1345.5,2
"23335",359,724.640000000001,2
"23336",200,418.05,2
"23337",169,351.52,2
"23338",405,820.320000000001,2
"23339",150,312,2
"23340",2465,3899.25000000001,2
"23341",282,2325.6,2
"23342",367,3068.5,2
"23343",4908,9748.34,3
"23344",8954,17679.7199999999,3
"23345",2398,2759.5,2
"23346",2571,2975.75,2
"23347",827,999.75,2
"23348",680,1371.48,2
"23349",2857,3462.89,2
"23350",2593,3165.65,2
"23351",3058,3699.02,2
"23352",1596,1964.76,2
"23353",3735,3076.29,2
"23354",3346,2753.42,2
"23355",5338,24426.3,3
"23356",2352,13115.4,2
"23357",435,1843.55,2
"23358",528,1689.9,2
"23359",979,1840.65,2
"23360",1151,2158.05,2
"23365",1531,992.75,2
"23366",1923,1211.55,2
"23367",2785,1807.85,2
"23368",2155,1398.35,2
"23369",901,1053.29,2
"23370",1359,1650.11,2
"23371",1505,1783.97,2
"23372",1296,1522.72,2
"23373",1563,1241.66,2
"23374",2444,1944.08,2
"23375",1327,1068.14,2
"23376",2642,1000.14,2
"23377",1203,469.17,2
"23378",3419,1272.93,2
"23379",1175,428.01,2
"23380",2159,811.769999999999,2
"23381",1487,549.69,2
"23382",1712,6155.04,2
"23388",793,3170.95,2
"23389",1050,4217.5,2
"23390",725,2888.75,2
"23391",361,1458.15,2
"23392",592,1175.68,2
"23393",769,2883.75,2
"23394",395,1481.25,2
"23395",696,2604.48,2
"23396",616,2304.48,2
"23397",434,4069.9,2
"23398",591,499.23,2
"23399",1823,1546.43,2
"23400",448,2247.36,2
"23401",443,2155.51,2
"23402",281,1031.67,2
"23403",596,1984.06,2
"23404",969,4108.58,2
"23405",237,1137.95,2
"23406",435,2154.79,2
"23407",250,2446.62,2
"23408",310,644.8,2
"23409",208,771.72,2
"23410",36,290.1,2
"23411",217,1016.55,2
"23412",351,2269.14,2
"23413",160,763.200000000001,2
"23414",139,1348.01,2
"23415",326,405.6,2
"23416",123,155.07,2
"23417",140,137.76,2
"23418",534,1068.96,2
"23419",438,897.120000000001,2
"23420",160,332.8,2
"23421",154,320.32,2
"23422",196,407.68,2
"23423",202,757.5,2
"23424",413,1986.75,2
"23425",237,435.43,2
"23426",1232,3192.56,2
"23427",228,2648.4,2
"23428",70,559.5,2
"23429",44,358.6,2
"23430",35,285.25,2
"23431",1432,1117.28,2
"23432",1274,1046.86,2
"23433",1215,1003.17,2
"23434",1792,1632.4,2
"23435",679,608.65,2
"23436",1929,2251.65,2
"23437",1909,2302.25,2
"23438",1796,2161,2
"23439",3762,7660.19999999999,2
"23440",164,299.36,2
"23441",22,9.24,2
"23442",42,87.36,2
"23444",79,1200,2
"23445",2667,2147.61,2
"23446",157,230.25,2
"23447",158,231.9,2
"23448",25,41.25,2
"23449",12,15,2
"23451",269,520.95,2
"23452",510,990.900000000001,2
"23453",323,627.45,2
"23454",166,679.3,2
"23455",206,566.54,2
"23456",158,634.1,2
"23457",105,503.55,2
"23458",51,762.45,2
"23459",33,412.5,2
"23460",108,1007.08,2
"23461",839,2950.05,2
"23462",77,1482.15,2
"23463",12,119.4,2
"23464",16,79.2,2
"23465",28,231,2
"23466",49,398.25,2
"23467",23,75.67,2
"23468",19,156.75,2
"23469",320,1255.76,2
"23470",220,1323.4,2
"23471",65,605.95,2
"23472",55,792.85,2
"23473",666,531.66,2
"23474",297,246.51,2
"23475",280,232.4,2
"23476",198,247.5,2
"23477",85,106.25,2
"23478",278,307.18,2
"23479",110,827.500000000001,2
"23480",1719,6126.09,2
"23481",217,266.21,2
"23482",415,651.15,2
"23483",1322,1541.62,2
"23484",174,483.66,2
"23485",259,5719,2
"23486",267,3879.15,2
"23487",78,754,2
"23489",876,2512.44,2
"23490",539,1988.13,2
"23491",226,1864.5,2
"23492",74,610.5,2
"23493",3522,6747.9,2
"23494",726,4218.69999999999,2
"23495",192,240,2
"23496",88,110,2
"23497",2514,3513.1,2
"23498",1591,2205.95,2
"23499",1247,523.74,2
"23500",1585,1935.05,2
"23501",1772,2105.8,2
"23502",690,838.98,2
"23503",3435,4246.71,2
"23504",1668,2082.48,2
"23505",1065,1247.25,2
"23506",2718,1116.36,2
"23507",2841,1129.02,2
"23508",2476,1014.72,2
"23509",1043,434.46,2
"23510",2298,902.159999999999,2
"23511",526,1050.58,2
"23512",485,923.540000000001,2
"23513",556,1072.96,2
"23514",458,909.14,2
"23515",558,1075.38,2
"23516",292,1028.76,2
"23517",312,860.88,2
"23518",358,957.82,2
"23519",219,755.01,2
"23520",166,589.38,2
"23521",388,648.62,2
"23522",341,652.17,2
"23523",357,1151.43,2
"23524",465,1441.98,2
"23525",568,1781.64,2
"23526",882,4346.82,2
"23527",416,1398.72,2
"23528",462,1381.38,2
"23529",629,1952.31,2
"23530",1043,4270.95,2
"23531",963,5340.20999999999,2
"23532",205,853.470000000001,2
"23533",210,936.340000000001,2
"23534",1207,6326.83,2
"23535",1128,5928.36,2
"23536",613,3274.03,2
"23537",98,446.7,2
"23538",327,1278.87,2
"23539",237,1129.71,2
"23540",146,890.54,2
"23541",829,6154.69,2
"23542",484,3442.68,2
"23543",1228,6877.72,2
"23544",164,1015.78,2
"23545",2475,1023.5,2
"23546",3275,1375.5,2
"23547",1575,661.5,2
"23548",1075,451.5,2
"23549",1300,546,2
"23550",1850,761,2
"23551",1617,630.63,2
"23552",1731,3338.8,2
"23553",558,6257.35,2
"23554",421,4755.65,2
"23555",422,4768.15,2
"23556",438,4949.55,2
"23557",347,3867.85,2
"23558",413,4641.7,2
"23559",566,1135.52,2
"23560",164,449.96,2
"23561",167,458.63,2
"23562",245,684.05,2
"23564",587,703.51,2
"23565",348,435,2
"23566",786,922.02,2
"23567",187,233.75,2
"23568",580,664.52,2
"23569",933,4531.95,2
"23570",1846,2307.5,2
"23571",2036,3330.60000000001,2
"23574",14,105,2
"23575",164,305.4,2
"23576",185,346.35,2
"23578",56,109.2,2
"23579",151,280.05,2
"23580",111,216.45,2
"23581",4373,8529.24,2
"23582",4447,8535.26,2
"23583",3315,5267.75,2
"23597",248,667.6,2
"23598",421,1177.95,2
"23630",1,2.99,2
"23660",293,483.45,2
"23661",204,336.6,2
"23664",1,1.65,2
"23681",1548,2434.2,2
"23691",1175,481.5,2
"23692",50,21,2
"23694",348,141.84,2
"23695",727,296.7,2
"23697",438,179.64,2
"23702",4,27,2
"23843",80995,168469.6,1
"35001G",157,510.83,2
"35001W",92,270.02,2
"35004B",475,2251.15,2
"35004C",393,1882.65,2
"35004G",126,448.3,2
"35004P",1,5.45,2
"35095A",811,293.82,2
"35095B",772,277.44,2
"35241",89,413.95,2
"35265",16,50.25,2
"35271S",19,3.61,2
"35400",10,89.5,2
"35443",7,5.95,2
"35471D",1668,695.46,2
"35591T",5,6.25,2
"35597A",1,1.25,2
"35597B",1,1.25,2
"35597D",46,17.48,2
"35598A",9,26.55,2
"35598B",554,433.7,2
"35598C",2,5.9,2
"35598D",660,433.22,2
"35599B",209,503.85,2
"35599D",186,465.38,2
"35607A",24,4.56,2
"35607B",96,18.24,2
"35610A",8,10,2
"35610B",24,30,2
"35610C",24,30,2
"35637A",166,363.7,2
"35637C",28,62.6,2
"35638A",38,82.1,2
"35638B",56,109.2,2
"35645",4,17,2
"35646",513,668.88,2
"35647",13,16.25,2
"35648",814,776.42,2
"35649",16,51.82,2
"35650",1,4.95,2
"35651",330,557.1,2
"35653",47,138.65,2
"35809A",389,374.94,2
"35809B",8,9.18,2
"35810A",603,546.21,2
"35810B",147,155.03,2
"35815P",162,63.28,2
"35816P",78,29.64,2
"35817P",18,19.86,2
"35818B",31,11.78,2
"35818P",264,100.32,2
"35819B",268,101.84,2
"35819P",95,66.55,2
"35833P",37,46.25,2
"35909A",8,23.6,2
"35909B",8,23.6,2
"35910A",20,39,2
"35910B",13,25.35,2
"35911A",205,194.15,2
"35911B",17,35.7,2
"35912B",249,283.89,2
"35913B",35,29.75,2
"35914",136,163.1,2
"35915B",91,150.15,2
"35915C",49,80.85,2
"35916A",20,17,2
"35916B",6,5.1,2
"35916C",54,45.9,2
"35920",67,83.75,2
"35921",54,67.5,2
"35922",28,138.6,2
"35923",1265,631.71,2
"35924",724,1262.1,2
"35933",222,84.36,2
"35953",3017,1282.41,2
"35954",1124,253.35,2
"35957",558,146.04,2
"35958",12,10.2,2
"35961",2692,2138.44,2
"35964",624,246.78,2
"35965",181,181.87,2
"35966",27,10.26,2
"35967",381,150.54,2
"35968",145,52.76,2
"35970",4647,7665.11,2
"35971",423,504.64,2
"35972",96,120,2
"37327",1375,548.37,2
"37330",6,2.34,2
"37333",14,54.3,2
"37340",2042,803.74,2
"37342",1435,1142.29,2
"37343",62,89.7,2
"37351",4,1.56,2
"37370",2508,2835.08,2
"37379A",6,7.5,2
"37413",701,283.71,2
"37423",78,33.18,2
"37444A",49,31.91,2
"37444B",4,11.8,2
"37444C",21,31.23,2
"37446",1297,1775.05,2
"37447",757,1104.89,2
"37448",1404,2043.00000000001,2
"37449",562,5084.77999999999,2
"37450",668,1841,2
"37461",1,1.25,2
"37462E",27,5.59,2
"37464",3,3.75,2
"37467",128,60.04,2
"37468",64,24.96,2
"37471",12,10.2,2
"37475",57,532.11,2
"37476",17,160.39,2
"37479B",127,60.33,2
"37479P",130,57.18,2
"37482P",489,220.95,2
"37487B",68,19.72,2
"37488A",28,10.92,2
"37489A",33,14.43,2
"37489B",31,16.77,2
"37489C",23,13.65,2
"37489D",40,17.16,2
"37491B",4,6.6,2
"37491C",8,13.2,2
"37491D",2,3.3,2
"37495",428,1547.4,2
"37500",338,1972.46,2
"37501",102,708.9,2
"37509",2,5.1,2
"40001",755,573.71,2
"40003",147,154.95,2
"40005B",12,10.2,2
"40016",5524,1870.7,2
"40046A",50,62.5,2
"44089A",15,6.3,2
"44089C",24,10.08,2
"44091A",9,3.78,2
"44092B",14,11.9,2
"44092C",20,17,2
"44228",36,30.6,2
"44234",645,121.05,2
"44235",539,200.46,2
"44236",52,56.52,2
"44242A",12,9.48,2
"44242B",52,50.28,2
"44265",2,8.5,2
"45013",3,8.85,2
"46000M",1008,1562.4,2
"46000P",17,72.25,2
"46000R",101,146.45,2
"46000S",1551,2248.95,2
"46000U",107,133.75,2
"46115B",12,2.28,2
"46118",193,164.05,2
"46126A",48,60,2
"46138B",43,43.15,2
"46775D",24,406.8,2
"46776A",14,69.3,2
"46776B",15,74.25,2
"46776C",11,54.45,2
"46776D",12,59.4,2
"46776E",14,69.3,2
"46776F",19,94.05,2
"47013A",14,3.04,2
"47013C",43,5.5,2
"47016",2,4.2,2
"47021G",518,230.4,2
"47310M",265,326.73,2
"47341A",27,38.75,2
"47341B",45,56.25,2
"47343A",159,145.17,2
"47344B",44,43.66,2
"47348A",97,50.31,2
"47351B",86,234.5,2
"47367B",57,194.55,2
"47369A",8,23.6,2
"47369B",3,11.69,2
"47420",202,38.38,2
"47421",975,385.02,2
"47422",555,220.14,2
"47469",359,167.11,2
"47471",264,150.18,2
"47480",692,1092.88,2
"47481",222,164.22,2
"47503A",2754,1261.69,2
"47503H",96,92.08,2
"47503J",1,7.95,2
"47504H",948,860.880000000001,2
"47504K",1958,1826.78,2
"47518F",827,113.64,2
"47556B",2600,6045,2
"47559B",2004,2416.67,2
"47563A",199,251.25,2
"47566",15291,68844.3300000004,3
"47566B",2291,10445.25,2
"47567B",592,3289.72,2
"47570B",180,1642.68,2
"47574A",423,366.25,2
"47574B",4,17,2
"47578A",198,168.3,2
"47579",1,2.1,2
"47580",330,818.709999999999,2
"47585A",102,382.5,2
"47586A",21,53.55,2
"47589",13,70.85,2
"47590A",1950,10107.52,2
"47590B",2287,11688.15,2
"47591B",38,62.7,2
"47591D",3144,5823.36,2
"47593A",33,14.37,2
"47593B",1663,676.39,2
"47594A",52,101.4,2
"47594B",91,177.45,2
"47599A",2409,4481.62,2
"47599B",1451,2728.94,2
"48111",1107,6715.25,2
"48116",1419,8053.22,2
"48129",880,5644.46,2
"48138",3625,23697.99,3
"48173C",1787,9822.2,2
"48184",1975,13470.95,2
"48185",3429,21187.69,3
"48187",3721,22968.25,3
"48188",2028,11544.2,2
"48194",3271,19948.81,3
"51008",511,1662.95,2
"51014A",3621,1777.61,2
"51014C",2462,1180.26,2
"51014L",1936,951.539999999999,2
"51020A",325,116.33,2
"51020B",197,70.57,2
"62018",4402,5691.5,2
"62043B",17,14.11,2
"62074B",16,6.72,2
"62086A",86,167.7,2
"62094B",13,33.15,2
"62096A",106,132.5,2
"62096B",2,2.5,2
"62097B",9,7.47,2
"70006",2620,1657.7,2
"70007",732,639.36,2
"71038",239,1244.95,2
"71050",33,11.55,2
"71053",1639,5915.95,2
"71101E",348,280.2,2
"71143",10,8.5,2
"71215",11,4.62,2
"71270",207,259.96,2
"71279",156,450.6,2
"71403",54,159.3,2
"71406C",138,57.96,2
"71459",12941,10031.45,3
"71477",6652,20049.12,3
"71495A",96,34.56,2
"71495B",160,58.56,2
"71496A",114,61.86,2
"71496B",13,7.37,2
"71510",52,36.52,2
"72024U",72,15.12,2
"72051S",46,19.32,2
"72122",292,277.4,2
"72127",168,208.1,2
"72128",189,145.53,2
"72130",215,126.79,2
"72131",137,238.35,2
"72132",28,54.6,2
"72133",39,48.75,2
"72134",98,47.18,2
"72140E",31,26.35,2
"72225C",600,158.64,2
"72232",3317,630.23,2
"72349B",689,1318.98,2
"72351A",1248,2414.16,2
"72351B",2060,3860.23999999999,2
"72369A",28,35,2
"72586",626,262.92,2
"72598",459,364.95,2
"72709",44,37.4,2
"72741",5801,7785.05000000003,3
"72760B",386,3677.18,2
"72780",137,116.45,2
"72783",16,33.6,2
"72798C",7,11.55,2
"72799C",80,123.68,2
"72799E",394,728.14,2
"72799F",128,368,2
"72800B",140,270.76,2
"72800C",126,235.06,2
"72800D",86,219.3,2
"72800E",453,921.39,2
"72801C",138,163.38,2
"72801D",58,72.5,2
"72801G",55,68.75,2
"72802A",316,1275.92,2
"72802B",968,1749.94,2
"72802C",1375,2545.37,2
"72803A",530,722.5,2
"72807A",340,1406.28,2
"72807B",350,1443.5,2
"72807C",669,2727.97,2
"72811",49,67.25,2
"72812",18,49.98,2
"72815",2,7.5,2
"72816",827,842.51,2
"72817",1048,961.4,2
"72818",1821,782.77,2
"72819",208,436.4,2
"72821",11,18.15,2
"75011",172,138.76,2
"75013B",25,41.25,2
"75049L",6821,6107.05,3
"75131",488,522.56,2
"75172",93,85.31,2
"75178",455,210.19,2
"77079",1,2.12,2
"77101A",386,423.22,2
"78033",37,179.35,2
"78034B",8,15.6,2
"78124",191,247.75,2
"79000",3808,2761.6,2
"79026B",25,10.61,2
"79030D",462,217.98,2
"79030G",1364,610.08,2
"79051A",791,265.39,2
"79062D",52,19.4,2
"79063C",235,43.65,2
"79063D",189,34.91,2
"79066K",739,618.13,2
"79067",143,496.25,2
"79071B",20,59,2
"79144B",108,42.96,2
"79144C",64,24.48,2
"79149B",18,7.56,2
"79151B",11,4.62,2
"79157B",4,3.4,2
"79157V",5,4.25,2
"79160",446,798.840000000001,2
"79161A",2,5.9,2
"79163",1517,621.87,2
"79164",1672,699.96,2
"79190A",340,142.8,2
"79190B",655,245.1,2
"79190D",227,95.34,2
"79191B",154,130.9,2
"79191C",1105,812.530000000001,2
"79191D",25,21.25,2
"79192A",3,3.75,2
"79302M",355,950.45,2
"79321",9650,46286.51,3
"79323B",8,54,2
"79323P",4,27,2
"79329",12,12.18,2
"79331",26,17.5,2
"79336",36,13.68,2
"79337",644,259.96,2
"79403",89,75.65,2
"79406",140,30.8,2
"81950B",117,33.93,2
"81950V",21,8.89,2
"81952B",200,38,2
"81952V",367,69.73,2
"81953B",11,2.09,2
"81953P",28,5.32,2
"82001S",1508,5231.08,2
"82011A",16,60,2
"82011B",41,139.35,2
"82011C",51,172.05,2
"82095",7,53.55,2
"82482",8276,20001.6500000001,3
"82483",2341,14689.8699999999,3
"82484",5921,34478.0100000002,3
"82486",2085,17590.6299999999,3
"82494L",6282,17625.0700000001,3
"82551",2791,4229.72,2
"82552",2922,4462.37,2
"82567",497,1011.41,2
"82578",1956,1088.56,2
"82580",5505,3018.05,2
"82581",3749,1997.12999999999,2
"82582",4290,8552.22,2
"82583",6415,12832.14,3
"82599",421,879.180000000001,2
"82600",5833,12097.38,3
"82605",14,29.4,2
"82613A",67,83.75,2
"82613B",401,268.85,2
"82613C",361,235.45,2
"82613D",470,272.1,2
"82615",36,91.8,2
"82616B",308,416.78,2
"82616C",277,385.52,2
"84006",832,707.2,2
"84012",1212,1190,2
"84016",25,10.5,2
"84029E",3707,13430.51,3
"84029G",2469,9329.17,2
"84030E",1423,5767.91,2
"84031A",174,499.78,2
"84031B",94,342.74,2
"84032A",449,1112.91,2
"84032B",654,1342,2
"84033",23,37.95,2
"84050",3139,4379.03000000001,2
"84051",280,212.8,2
"84077",54415,13586.25,1
"84078A",357,13007.15,2
"84086B",16,47.2,2
"84086C",140,413,2
"84192",115,143.75,2
"84199",129,27.09,2
"84201B",13,2.47,2
"84201C",5,0.95,2
"84206A",24,4.56,2
"84206B",5,0.95,2
"84206C",8,1.52,2
"84212",10297,4871.45,3
"84218",122,222.3,2
"84226",49,34.51,2
"84227",1,0.42,2
"84228",284,113.28,2
"84231",105,68.25,2
"84247E",83,244.85,2
"84247G",336,141.12,2
"84247K",23,67.85,2
"84247L",108,45.36,2
"84247N",22,64.9,2
"84249A",160,68.84,2
"84251B",157,29.83,2
"84251C",24,4.56,2
"84251G",180,34.2,2
"84279B",182,678.18,2
"84279P",339,1253.97,2
"84306",2,21.9,2
"84313B",76,175.8,2
"84313C",461,908.15,2
"84341B",618,252.23,2
"84347",7907,17592.52,3
"84352",33,543.35,2
"84356",337,1570.15,2
"84358",32,287.74,2
"84360",74,388.3,2
"84375",4149,8697.27000000001,2
"84378",6019,7741.83999999997,3
"84380",5293,6718.89999999997,2
"84387A",11,21.45,2
"84388",24,13.14,2
"84402B",61,48.19,2
"84406B",1918,7125.38,2
"84415A",12,15,2
"84415B",6,12.5,2
"84422",551,220.41,2
"84429A",47,138.65,2
"84452",74,62.9,2
"84457",120,102,2
"84459A",671,907.630000000001,2
"84459B",676,938.12,2
"84461",41,104.55,2
"84462",12,15,2
"84465",10,29.5,2
"84466",46,57.5,2
"84497",13,48.75,2
"84499",7,5.95,2
"84507B",31,79.05,2
"84507C",63,160.65,2
"84508A",1630,3445.5,2
"84508B",57,145.35,2
"84508C",52,132.6,2
"84509A",612,2194.64,2
"84509B",156,585,2
"84509C",78,273.3,2
"84509E",70,101.06,2
"84509G",491,856.25,2
"84510A",1063,1295.59,2
"84510C",98,124.92,2
"84510E",25,26.05,2
"84519A",477,739.19,2
"84519B",426,547.24,2
"84520B",481,388.69,2
"84522",12,23.4,2
"84527",47,84.45,2
"84531A",140,71.76,2
"84531B",150,83.46,2
"84534B",46,39.1,2
"84535A",398,185.1,2
"84535B",1272,762.99,2
"84536A",2729,1147,2
"84536B",1684,655.34,2
"84539",16,26.4,2
"84548",15,24.75,2
"84549",31,46.35,2
"84550",1,1.65,2
"84551",1,1.65,2
"84558A",293,864.35,2
"84559A",272,231.98,2
"84559B",216,183.6,2
"84562A",2,15.9,2
"84563A",59,198.05,2
"84563B",73,221.35,2
"84568",12480,2332.8,3
"84569A",191,239.96,2
"84569B",76,95,2
"84569C",1,1.25,2
"84569D",269,338.67,2
"84575A",14,39.3,2
"84576",57,111.15,2
"84580",335,1260.05,2
"84581",166,623.26,2
"84584",83,211.65,2
"84592",70,206.5,2
"84593",5,14.75,2
"84595E",64,109.8,2
"84596B",4491,2063.29,2
"84596E",392,253.05,2
"84596F",3301,1561.63,2
"84596G",1662,775.020000000001,2
"84596J",469,205.28,2
"84596L",1039,441.36,2
"84597B",41,51.25,2
"84597C",46,57.5,2
"84598",1248,262.08,2
"84600",48,367.6,2
"84609",90,720,2
"84613A",6,27.9,2
"84613C",1,4.65,2
"84614A",2,11.9,2
"84616",11,329.45,2
"84617",3,38.25,2
"84620",2,11.9,2
"84625A",455,470.75,2
"84625C",439,478.15,2
"84629",20,150,2
"84631",17,135.15,2
"84632",6,359.7,2
"84637",29,172.55,2
"84638",19,132.05,2
"84658",46,322.38,2
"84659A",134,314.31,2
"84660A",837,761.9,2
"84660B",697,686.23,2
"84660C",639,590.57,2
"84661A",94,132.99,2
"84661B",95,225.49,2
"84661C",62,70.1,2
"84663A",260,324.04,2
"84665",105,624.75,2
"84666",24,94.8,2
"84673A",63,40.95,2
"84673B",135,114.21,2
"84674",187,429.25,2
"84675",9,26.55,2
"84678",138,227.1,2
"84679",6,55.7,2
"84683",187,147.35,2
"84685",21,78.75,2
"84686",49,66.39,2
"84687",70,376.5,2
"84688",34,144.5,2
"84689",3,9.95,2
"84691",242,174.5,2
"84692",6808,2810.67,2
"84705C",12,15,2
"84706D",6,25.7,2
"84706F",16,47.2,2
"84707A",66,440.74,2
"84707B",29,178.56,2
"84708B",53,256.75,2
"84709B",20,119,2
"84711A",14,139.3,2
"84711B",15,149.25,2
"84712B",19,147.87,2
"84715",16,47.2,2
"84723",41,97.95,2
"84725",41,39.65,2
"84731",2,2.04,2
"84732B",22,8.58,2
"84732D",11,4.29,2
"84741C",60,117,2
"84743C",1,1.25,2
"84744",108,135,2
"84745A",32,13.44,2
"84745B",32,13.44,2
"84746",3,11.25,2
"84748",28,105,2
"84750A",24,46.8,2
"84750B",61,54.99,2
"84751B",19,38.69,2
"84754",502,586.46,2
"84755",15611,9597.70999999996,3
"84760S",43,62.35,2
"84763",573,679.01,2
"84766",146,340.7,2
"84773",3,8.85,2
"84789",181,599.55,2
"84792",775,3475.19,2
"84795B",167,1249.65,2
"84795C",2,15.9,2
"84796A",14,178.5,2
"84796B",69,793.35,2
"84798A",14,35.7,2
"84798B",7,17.85,2
"84799",220,155.48,2
"84800L",360,639.36,2
"84800M",127,174.31,2
"84800S",113,127.57,2
"84801A",46,96.6,2
"84801B",22,46.2,2
"84802A",2,3.38,2
"84802B",4,6.76,2
"84803B",15,25.35,2
"84804A",70,180.58,2
"84804B",99,188.37,2
"84805A",30,52.5,2
"84805B",38,52.5,2
"84806A",137,96.89,2
"84806B",296,394.16,2
"84809A",38,79.8,2
"84809B",18,37.8,2
"84813",145,1146.97,2
"84816",13,519.35,2
"84817",951,710.640000000001,2
"84818",1424,1461.6,2
"84819",811,951.79,2
"84820",261,484.63,2
"84821",947,417.35,2
"84823",112,890.4,2
"84824",2,31.9,2
"84826",1162,389.38,2
"84827",511,154.39,2
"84828",954,1192.41,2
"84832",2607,2176.95,2
"84836",5757,7108.68,3
"84840",3,25.5,2
"84842",14,52.5,2
"84843",161,864.35,2
"84846A",53,111.3,2
"84847",21,78.75,2
"84849A",155,261.95,2
"84849B",232,392.08,2
"84849D",479,809.51,2
"84854",5,24.75,2
"84857B",24,46.8,2
"84857C",95,198.35,2
"84858C",185,250.05,2
"84859A",123,248.21,2
"84859B",31,62.63,2
"84859C",83,176.39,2
"84865",26,115.55,2
"84870B",20,75,2
"84870C",20,75,2
"84872A",3,50.85,2
"84873A",2,33.9,2
"84874B",34,56.1,2
"84875B",125,168.75,2
"84875D",51,63.75,2
"84876B",203,253.75,2
"84876D",125,191.25,2
"84877A",12,15,2
"84877B",126,157.5,2
"84877D",88,122.5,2
"84879",35362,56580.3399999996,1
"84880",303,1896.15,2
"84881",11,69.85,2
"84882",34,127.5,2
"84884A",286,1076.66,2
"84898F",45,94.5,2
"84905",12,59.4,2
"84906",28,98.6,2
"84907",5,38.25,2
"84910A",10,59.5,2
"84912A",103,386.25,2
"84912B",149,558.75,2
"84913A",37,172.05,2
"84913B",70,325.5,2
"84915",199,281.95,2
"84916",212,407.4,2
"84917",170,400.5,2
"84919",29,201.55,2
"84920",73,273.75,2
"84921",11,41.25,2
"84922",8,34,2
"84924A",72,281.13,2
"84924F",10,7.9,2
"84925D",15,38.25,2
"84925F",80,112.48,2
"84926A",597,198.09,2
"84926D",705,266.64,2
"84926E",990,329.84,2
"84926F",423,178,2
"84927A",46,53.85,2
"84927D",45,39.78,2
"84927E",57,71.82,2
"84927F",295,166.35,2
"84929",2244,545.16,2
"84931A",84,214.2,2
"84931B",134,341.7,2
"84944",564,1016.4,2
"84945",10279,8269.44999999997,3
"84946",16473,19239.42,3
"84947",8273,9339.33999999999,3
"84949",4665,7193.25,2
"84950",3361,1990.97,2
"84951A",363,315.06,2
"84951B",334,318.44,2
"84952A",38,146.21,2
"84952B",145,247.46,2
"84952C",140,225,2
"84963A",4,171.8,2
"84963B",3,149.85,2
"84968A",147,1787.85,2
"84968B",2,25.5,2
"84968C",94,1198.5,2
"84968D",62,814.92,2
"84968E",87,1035.06,2
"84968F",78,951.3,2
"84969",295,1267.99,2
"84970L",5700,5664.78000000001,2
"84970S",8470,6830.58999999997,3
"84971S",1679,1386.75,2
"84974",40,398,2
"84975",5,8.45,2
"84976",502,420.68,2
"84978",10980,12674.72,3
"84984A",19,88.35,2
"84984B",17,79.05,2
"84984D",13,60.45,2
"84985A",42,60.9,2
"84987",2928,4078.68,2
"84988",3954,5566.67999999999,2
"84989A",28,15.4,2
"84990",2,1.1,2
"84991",17689,8618.36999999999,3
"84992",13070,6274.9,3
"84993A",305,128.1,2
"84993B",57,23.94,2
"84997A",2525,9618.29000000001,2
"84997B",4035,15158.81,3
"84997C",3694,14044.74,3
"84997D",4922,18807,3
"85006",55,57.25,2
"85008",12,55.95,2
"85014A",1133,6367.93999999999,2
"85014B",1846,10247.47,2
"85015",2130,1591.42,2
"85016",522,459,2
"85017A",6,5.1,2
"85017B",947,491.55,2
"85017C",50,27.02,2
"85018D",12,30.6,2
"85019A",409,547.25,2
"85019B",498,640.5,2
"85019C",181,262.25,2
"85020",78,163.8,2
"85023B",104,232.8,2
"85024B",193,289.65,2
"85024C",12,19.8,2
"85025B",305,474.45,2
"85025C",308,478,2
"85026B",75,63.75,2
"85027L",70,160.5,2
"85028L",10,19.5,2
"85028S",24,51.6,2
"85030",15,29.25,2
"85031A",16,45.9,2
"85031B",1,4.95,2
"85031C",3,14.85,2
"85032A",738,679.799999999999,2
"85032B",751,663.599999999999,2
"85032C",597,566.4,2
"85032D",630,467.5,2
"85034A",492,844.04,2
"85034B",884,1362.44,2
"85034C",1072,1560.64,2
"85035A",263,689.79,2
"85035B",558,820.5,2
"85035C",1105,1611.45,2
"85036A",211,676.03,2
"85036B",360,581.58,2
"85036C",742,1051.52,2
"85038",1018,1994.26,2
"85039A",445,586.55,2
"85039B",491,669.91,2
"85039C",222,129.94,2
"85040A",807,1348.19,2
"85040B",135,222.75,2
"85045",41,186.15,2
"85047",3,19.05,2
"85048",1266,9374.69999999999,2
"85049A",2907,3607.8,2
"85049B",54,67.5,2
"85049C",1198,1471.35,2
"85049D",539,673.75,2
"85049E",2747,3499.7,2
"85049F",374,467.5,2
"85049G",1580,1926.33,2
"85049H",448,520.47,2
"85053",1549,3104.31999999999,2
"85054",551,1233.31,2
"85055",37,122.75,2
"85059",290,771.21,2
"85061W",1986,1609.8,2
"85062",1380,2234.67,2
"85064",205,866.05,2
"85066",1705,20562.92,3
"85067",7,126.65,2
"85071A",976,512.8,2
"85071B",1256,622.639999999999,2
"85071C",607,313.78,2
"85071D",362,205.98,2
"85078",1746,376.5,2
"85084",17,14.45,2
"85086A",45,38.25,2
"85087",40,119.36,2
"85088",188,385.27,2
"85089",14,41.3,2
"85092",27,40.05,2
"85093",451,227.49,2
"85094",502,122.94,2
"85095",66,128.26,2
"85096",20,75,2
"85099B",46181,85220.7800000019,1
"85099C",12793,23675.0399999999,3
"85099F",16807,30644.1999999999,3
"85103",91,545.45,2
"85104",196,502.48,2
"85106",530,918.06,2
"85107",243,516.45,2
"85109",12,10.2,2
"85111",1407,419.55,2
"85114A",585,893.25,2
"85114B",394,626.1,2
"85114C",457,730.05,2
"85116",694,702.8,2
"85118",142,135.74,2
"85123A",36782,100603.499999999,1
"85124B",82,209.1,2
"85124C",84,214.2,2
"85125",129,584.65,2
"85127",80,396,2
"85129B",101,124.11,2
"85129C",77,99.88,2
"85129D",166,241.38,2
"85130A",77,127.05,2
"85130B",816,707.7,2
"85130C",479,425.71,2
"85130D",552,526.38,2
"85131A",469,462.17,2
"85131B",142,120.38,2
"85131C",73,78.71,2
"85131D",115,113.09,2
"85132A",455,967.25,2
"85132B",513,1048.35,2
"85132C",1404,2817.8,2
"85135A",15,119.25,2
"85135B",47,373.65,2
"85135C",78,620.1,2
"85136A",51,405.45,2
"85136B",2,15.9,2
"85136C",35,278.25,2
"85141",123,627.45,2
"85144",222,586.6,2
"85145",38,167.7,2
"85146",43,147.85,2
"85150",3899,8699.13000000001,2
"85152",8164,15539.11,3
"85159A",451,779.45,2
"85159B",622,1134.5,2
"85160B",105,46.11,2
"85161",12,221.4,2
"85163A",45,349.95,2
"85163B",44,333.6,2
"85167B",48,93,2
"85168B",17,149.67,2
"85169A",502,496.72,2
"85169B",201,191.49,2
"85169C",336,353.72,2
"85169D",232,236.48,2
"85170A",1,2.1,2
"85170B",179,195.9,2
"85170C",252,366.23,2
"85170D",355,497.21,2
"85172",1328,557.76,2
"85173",434,628.47,2
"85174",497,1985.67,2
"85175",5217,2078.66,2
"85176",626,542.24,2
"85177",775,600.61,2
"85178",2371,2642.19,2
"85179A",119,188.31,2
"85179C",69,89.65,2
"85180A",434,844.34,2
"85180B",196,381,2
"85183A",657,805.75,2
"85183B",977,1228.25,2
"85184C",1523,2478.43,2
"85185B",291,839.250000000001,2
"85185D",15,44.25,2
"85186A",525,220.5,2
"85186C",413,173.46,2
"85187",324,515.4,2
"85188A",302,256.7,2
"85188B",75,63.75,2
"85189",9,7.65,2
"85194L",901,747.13,2
"85194S",1163,447.75,2
"85195",11,23.1,2
"85197",33,69.3,2
"85198",86,68.06,2
"85199L",925,598.37,2
"85199S",2234,946.07,2
"85200",183,228.75,2
"85202",300,126,2
"85203",570,237.96,2
"85204",1876,249.48,2
"85205B",116,295.8,2
"85206A",916,1450.2,2
"85206B",14,23.1,2
"85208",161,298.74,2
"85211",142,151.92,2
"85212",2452,723.720000000001,2
"85213",821,301.37,2
"85214",103,169.95,2
"85215",163,105.95,2
"85216",55,35.75,2
"85224",3,6.3,2
"85225",6,6.25,2
"85227",1322,1107.08,2
"85230A",840,203.28,2
"85230B",1264,326.24,2
"85230E",1101,267.45,2
"85230F",338,90.34,2
"85230G",1032,257.04,2
"85231B",798,672.06,2
"85231G",573,471.45,2
"85232A",74,349.5,2
"85232B",268,1326.6,2
"85232D",175,832.650000000001,2
"90000A",11,65.45,2
"90000B",3,17.85,2
"90000D",6,35.7,2
"90001A",2,8.5,2
"90001B",4,17,2
"90001C",2,8.5,2
"90001D",5,21.25,2
"90002D",10,37.5,2
"90003B",6,22.5,2
"90003C",12,45,2
"90003D",18,67.5,2
"90003E",8,30,2
"90010A",7,62.65,2
"90010B",7,62.65,2
"90010E",10,89.5,2
"90011A",1,2.95,2
"90011B",7,20.65,2
"90012A",8,23.6,2
"90012B",12,35.4,2
"90013A",16,60,2
"90013C",11,41.25,2
"90014A",16,103.2,2
"90014B",10,85.5,2
"90014C",4,32.8,2
"90016A",14,80.75,2
"90016B",9,76.5,2
"90018A",17,72.25,2
"90018B",8,34,2
"90018C",6,25.5,2
"90019A",18,89.1,2
"90019B",2,9.9,2
"90019C",4,19.8,2
"90021",1,11.95,2
"90022",8,30,2
"90023",8,34,2
"90024B",4,34,2
"90024C",2,17,2
"90024D",1,8.5,2
"90024F",2,17,2
"90025A",2,7.5,2
"90025F",1,3.75,2
"90026A",2,17,2
"90026B",2,17,2
"90026C",3,25.5,2
"90026D",3,25.5,2
"90027A",4,11.8,2
"90027D",4,11.8,2
"90028",2,17,2
"90029",3,25.5,2
"90030A",72,72,2
"90030B",112,131.8,2
"90030C",74,74,2
"90031",48,48,2
"90032",19,90.67,2
"90033",2,5.1,2
"90035A",4,43,2
"90035C",2,21.5,2
"90036A",6,47.7,2
"90036B",4,31.8,2
"90036C",6,47.7,2
"90036D",11,87.45,2
"90036E",7,55.65,2
"90036F",4,31.8,2
"90037B",6,15.3,2
"90038A",6,22.5,2
"90038B",6,22.5,2
"90038C",6,22.5,2
"90039A",6,22.5,2
"90039B",6,22.5,2
"90039C",1,3.75,2
"90039D",14,52.5,2
"90040A",6,21,2
"90040B",4,14,2
"90040C",7,24.5,2
"90041",2,7,2
"90042A",3,7.65,2
"90043",4,24.81,2
"90046",3,14.85,2
"90048",3,14.85,2
"90049",5,34.77,2
"90050",6,41.7,2
"90051",6,41.7,2
"90054",1,2.55,2
"90055",1,2.55,2
"90057",1008,1311.36,2
"90058A",324,123.12,2
"90058B",612,232.56,2
"90059A",6,9.9,2
"90059B",9,14.85,2
"90059C",8,13.2,2
"90059D",6,9.9,2
"90059E",10,16.5,2
"90059F",9,14.85,2
"90060B",1,5.95,2
"90060D",3,17.85,2
"90062",20,255,2
"90063A",11,93.5,2
"90063B",8,68,2
"90064A",7,26.25,2
"90064B",11,41.25,2
"90065A",8,54,2
"90065B",1,6.75,2
"90067A",10,29.5,2
"90069",2,15,2
"90070",8,47.6,2
"90071",1,1.25,2
"90072",10,37.5,2
"90073",13,64.35,2
"90074",2,17.9,2
"90076",6,15.3,2
"90078",2,15,2
"90079",5,24.75,2
"90081A",15,74.25,2
"90081C",11,54.45,2
"90082A",21,133.35,2
"90082B",27,171.45,2
"90082D",8,50.8,2
"90083",19,13.69,2
"90084",1,0.85,2
"90085",24,20.4,2
"90086",85,49.93,2
"90087",90,33.66,2
"90089",25,4.75,2
"90093",47,20.39,2
"90094",13,33.15,2
"90096",8,20.4,2
"90098",28,71.4,2
"90099",20,51,2
"90100",1,2.55,2
"90101",15,38.25,2
"90102",10,8.5,2
"90103",8,20.4,2
"90104",1,0.85,2
"90108",64,67.2,2
"90114",66,168.3,2
"90116",16,27.04,2
"90118",6,15.3,2
"90119",60,148.32,2
"90120B",20,85,2
"90120C",31,131.75,2
"90120D",2,8.5,2
"90122A",8,39.6,2
"90122B",1,4.95,2
"90122C",17,84.15,2
"90123A",14,83.3,2
"90123B",8,47.6,2
"90123C",13,77.35,2
"90123D",3,17.85,2
"90124A",6,59.7,2
"90124B",4,39.8,2
"90124C",7,69.65,2
"90125A",109,93.9,2
"90125B",19,24.9,2
"90125C",73,63.3,2
"90125D",74,65.4,2
"90125E",1,2.1,2
"90128B",1,1.25,2
"90129A",7,20.65,2
"90129B",21,61.95,2
"90129C",17,50.15,2
"90129D",8,23.6,2
"90129E",6,17.7,2
"90129F",16,47.2,2
"90130A",1,2.95,2
"90130B",9,26.55,2
"90131",4,27.8,2
"90133",9,44.55,2
"90135",6,29.7,2
"90136",3,29.85,2
"90138",4,19.8,2
"90141A",4,19.8,2
"90141B",6,29.7,2
"90141C",4,19.8,2
"90141D",3,14.85,2
"90141E",3,14.85,2
"90142D",9,44.55,2
"90143",19,142.5,2
"90144",7,26.25,2
"90145",21,124.95,2
"90146",13,63.75,2
"90147",21,208.95,2
"90148",8,102,2
"90149",52,335.28,2
"90151",8,68,2
"90152A",3,17.85,2
"90152B",1,5.95,2
"90152C",1,5.95,2
"90154",57,421.75,2
"90155",6,45,2
"90156",3,14.85,2
"90157",7,34.65,2
"90158",14,69.3,2
"90159",3,14.85,2
"90160A",31,215.45,2
"90160B",21,145.95,2
"90160C",41,284.95,2
"90160D",32,222.4,2
"90161A",9,44.55,2
"90161B",45,222.75,2
"90161C",45,222.75,2
"90161D",31,153.45,2
"90162A",6,17.7,2
"90162B",27,79.65,2
"90162C",14,41.3,2
"90162D",10,29.5,2
"90163A",4,30,2
"90163B",2,15,2
"90164A",19,70.35,2
"90164B",28,65.7,2
"90165B",1,2.55,2
"90166",14,58.9,2
"90167",10,8.5,2
"90168",6,17.7,2
"90169",6,15.3,2
"90170",46,75.9,2
"90173",16,60,2
"90174",16,40.8,2
"90175A",9,80.55,2
"90175C",9,80.55,2
"90175D",3,26.85,2
"90176A",2,15,2
"90176B",2,15,2
"90176C",2,15,2
"90176D",7,52.5,2
"90176E",3,22.5,2
"90177A",6,17.7,2
"90177B",7,20.65,2
"90177C",13,38.35,2
"90177D",17,50.15,2
"90177E",6,17.7,2
"90178A",6,71.7,2
"90178B",1,11.95,2
"90179A",3,17.85,2
"90179C",1,5.95,2
"90180A",13,87.35,2
"90180B",3,29.85,2
"90181A",1,8.95,2
"90182C",6,17.7,2
"90183A",20,59,2
"90183C",1,2.95,2
"90184A",8,71.6,2
"90184B",21,187.95,2
"90184C",11,98.45,2
"90185A",22,93.5,2
"90185B",13,55.25,2
"90185C",21,89.25,2
"90185D",32,136,2
"90186A",5,14.75,2
"90186B",12,35.4,2
"90187B",4,13.4,2
"90188",3,7.65,2
"90189A",2,15,2
"90190A",6,17.7,2
"90190B",6,17.7,2
"90190C",5,14.75,2
"90191",22,113.9,2
"90192",23,113.85,2
"90194",12,51,2
"90195A",16,95.2,2
"90195B",3,20.85,2
"90196A",8,102,2
"90196B",4,51,2
"90197B",3,14.85,2
"90198A",34,144.5,2
"90198B",30,127.5,2
"90199A",8,50.8,2
"90199B",2,12.7,2
"90199C",17,107.95,2
"90199D",2,12.7,2
"90200A",41,174.25,2
"90200B",67,284.75,2
"90200C",20,85,2
"90200D",99,408.75,2
"90200E",76,311,2
"90201A",47,138.65,2
"90201B",64,188.8,2
"90201C",52,153.4,2
"90201D",46,135.7,2
"90202A",6,17.7,2
"90202B",7,20.65,2
"90202C",7,20.65,2
"90202D",12,35.4,2
"90204",17,56.95,2
"90205A",16,26.4,2
"90205C",6,9.9,2
"90206A",6,29.7,2
"90206C",13,64.35,2
"90208",10,25.5,2
"90209A",84,163.8,2
"90209B",105,191.1,2
"90209C",231,413.7,2
"90210A",26,35.9,2
"90210B",40,58.6,2
"90210C",94,115.9,2
"90210D",104,125,2
"90211A",5,29.75,2
"90211B",4,23.8,2
"90212B",3,11.25,2
"90212C",6,22.5,2
"90214A",63,55.71,2
"90214B",13,4.73,2
"90214C",52,40.04,2
"90214D",39,25.71,2
"90214E",41,27.25,2
"90214F",13,3.77,2
"90214G",34,18.5,2
"90214H",22,15.02,2
"90214I",25,18.77,2
"90214J",23,17.23,2
"90214K",47,34.75,2
"90214L",51,29.19,2
"90214M",27,22.23,2
"90214N",18,10.02,2
"90214O",12,3.48,2
"90214P",28,11,2
"90214R",15,6.27,2
"90214S",40,26,2
"90214T",12,3.48,2
"90214U",12,3.48,2
"90214V",14,5.98,2
"90214W",12,3.48,2
"90214Y",61,18.65,2
"90214Z",12,3.48,2
"BANK CHARGES",12,165.001,2
"C2",134,6686,2
"DOT",16,11906.36,2
"M",7173,53779.93,3
"PADS",3,0.003,2
"POST",3120,77803.96,3
